Suite/Test/Step Name,Browser,Description,Tag,Start time,End time,Duration,Status
Checkout_TS,Chrome 142.0.7444.59,,,31-10-2025 15:29:07,31-10-2025 15:34:03,4m - 55.903s,FAILED
,,,,,,,
Test Cases/Checkout_TCs/TC_CO01,Chrome 142.0.7444.59,Verify “Place Order” form opens,,31-10-2025 15:29:08,31-10-2025 15:29:29,21.543s,PASSED
"openBrowser(""https://demoblaze.com/"")",Chrome 142.0.7444.59,,,31-10-2025 15:29:08,31-10-2025 15:29:12,4.040s,PASSED
maximizeWindow(),Chrome 142.0.7444.59,,,31-10-2025 15:29:12,31-10-2025 15:29:12,0.137s,PASSED
"click(findTestObject(""LogIn_OR/Page_STORE/a_Cart_login2""))",Chrome 142.0.7444.59,,,31-10-2025 15:29:12,31-10-2025 15:29:14,1.617s,PASSED
"setText(findTestObject(""Object Repository/Login_OR/Page_STORE/input_Username_loginusername""), ""omar_test123"")",Chrome 142.0.7444.59,,,31-10-2025 15:29:14,31-10-2025 15:29:15,1.074s,PASSED
"setText(findTestObject(""Object Repository/Login_OR/Page_STORE/input_Password_loginpassword""), ""Test123"")",Chrome 142.0.7444.59,,,31-10-2025 15:29:15,31-10-2025 15:29:16,0.743s,PASSED
"click(findTestObject(""LogIn_OR/Page_STORE/button_Close_btn btn-primary""))",Chrome 142.0.7444.59,,,31-10-2025 15:29:16,31-10-2025 15:29:16,0.387s,PASSED
"verifyTextPresent(""Welcome omar_test123"", false)",Chrome 142.0.7444.59,,,31-10-2025 15:29:16,31-10-2025 15:29:18,1.587s,PASSED
delay(2),Chrome 142.0.7444.59,,,31-10-2025 15:29:18,31-10-2025 15:29:20,2.029s,PASSED
"click(findTestObject(""CartManagement_OR/Page_STORE/Page_STORE/Home""))",Chrome 142.0.7444.59,,,31-10-2025 15:29:20,31-10-2025 15:29:21,0.703s,PASSED
"click(findTestObject(""CartManagement_OR/Page_STORE/Page_STORE/Laptops""))",Chrome 142.0.7444.59,,,31-10-2025 15:29:21,31-10-2025 15:29:22,1.093s,PASSED
"click(findTestObject(""CartManagement_OR/Page_STORE/Page_STORE/Macbook pro""))",Chrome 142.0.7444.59,,,31-10-2025 15:29:22,31-10-2025 15:29:23,1.626s,PASSED
"click(findTestObject(""CartManagement_OR/Page_STORE/Page_STORE/Add to cart""))",Chrome 142.0.7444.59,,,31-10-2025 15:29:23,31-10-2025 15:29:25,1.315s,PASSED
waitForAlert(5),Chrome 142.0.7444.59,,,31-10-2025 15:29:25,31-10-2025 15:29:26,1.080s,PASSED
acceptAlert(),Chrome 142.0.7444.59,,,31-10-2025 15:29:26,31-10-2025 15:29:26,0.016s,PASSED
"click(findTestObject(""CartManagement_OR/Page_STORE/Page_STORE/cart""))",Chrome 142.0.7444.59,,,31-10-2025 15:29:26,31-10-2025 15:29:27,0.924s,PASSED
waitForPageLoad(10),Chrome 142.0.7444.59,,,31-10-2025 15:29:27,31-10-2025 15:29:27,0.161s,PASSED
"click(findTestObject(""Object Repository/Checkout_OR/Page_STORE/Place order""))",Chrome 142.0.7444.59,,,31-10-2025 15:29:27,31-10-2025 15:29:28,1.289s,PASSED
"placeOrderModal = findTestObject(""Object Repository/Checkout_OR/Page_STORE/Page_STORE/div_Place order_modal-body"")",Chrome 142.0.7444.59,,,31-10-2025 15:29:28,31-10-2025 15:29:28,0.046s,PASSED
"waitForElementVisible(placeOrderModal, 10)",Chrome 142.0.7444.59,,,31-10-2025 15:29:28,31-10-2025 15:29:29,0.511s,PASSED
"verifyElementVisible(placeOrderModal, STOP_ON_FAILURE)",Chrome 142.0.7444.59,,,31-10-2025 15:29:29,31-10-2025 15:29:29,0.285s,PASSED
closeBrowser(),Chrome 142.0.7444.59,,,31-10-2025 15:29:29,31-10-2025 15:29:29,0.377s,PASSED
,,,,,,,
Test Cases/Checkout_TCs/TC_CO02,Chrome 142.0.7444.59,Verify order fails with blank fields,,31-10-2025 15:29:29,31-10-2025 15:29:50,21.163s,PASSED
"openBrowser(""https://demoblaze.com/"")",Chrome 142.0.7444.59,,,31-10-2025 15:29:29,31-10-2025 15:29:32,2.779s,PASSED
maximizeWindow(),Chrome 142.0.7444.59,,,31-10-2025 15:29:32,31-10-2025 15:29:32,0.140s,PASSED
"click(findTestObject(""LogIn_OR/Page_STORE/a_Cart_login2""))",Chrome 142.0.7444.59,,,31-10-2025 15:29:32,31-10-2025 15:29:35,2.224s,PASSED
"setText(findTestObject(""Object Repository/Login_OR/Page_STORE/input_Username_loginusername""), ""omar_test123"")",Chrome 142.0.7444.59,,,31-10-2025 15:29:35,31-10-2025 15:29:36,0.969s,PASSED
"setText(findTestObject(""Object Repository/Login_OR/Page_STORE/input_Password_loginpassword""), ""Test123"")",Chrome 142.0.7444.59,,,31-10-2025 15:29:36,31-10-2025 15:29:36,0.682s,PASSED
"click(findTestObject(""LogIn_OR/Page_STORE/button_Close_btn btn-primary""))",Chrome 142.0.7444.59,,,31-10-2025 15:29:36,31-10-2025 15:29:37,0.377s,PASSED
"verifyTextPresent(""Welcome omar_test123"", false)",Chrome 142.0.7444.59,,,31-10-2025 15:29:37,31-10-2025 15:29:39,1.869s,PASSED
delay(2),Chrome 142.0.7444.59,,,31-10-2025 15:29:39,31-10-2025 15:29:41,2.014s,PASSED
"click(findTestObject(""CartManagement_OR/Page_STORE/Page_STORE/Home""))",Chrome 142.0.7444.59,,,31-10-2025 15:29:41,31-10-2025 15:29:41,0.777s,PASSED
"click(findTestObject(""CartManagement_OR/Page_STORE/Page_STORE/Laptops""))",Chrome 142.0.7444.59,,,31-10-2025 15:29:41,31-10-2025 15:29:42,1.093s,PASSED
"click(findTestObject(""CartManagement_OR/Page_STORE/Page_STORE/Macbook pro""))",Chrome 142.0.7444.59,,,31-10-2025 15:29:42,31-10-2025 15:29:44,1.585s,PASSED
"click(findTestObject(""CartManagement_OR/Page_STORE/Page_STORE/Add to cart""))",Chrome 142.0.7444.59,,,31-10-2025 15:29:44,31-10-2025 15:29:45,1.338s,PASSED
waitForAlert(5),Chrome 142.0.7444.59,,,31-10-2025 15:29:45,31-10-2025 15:29:46,1.062s,PASSED
acceptAlert(),Chrome 142.0.7444.59,,,31-10-2025 15:29:46,31-10-2025 15:29:46,0.012s,PASSED
"click(findTestObject(""CartManagement_OR/Page_STORE/Page_STORE/cart""))",Chrome 142.0.7444.59,,,31-10-2025 15:29:46,31-10-2025 15:29:47,0.893s,PASSED
waitForPageLoad(10),Chrome 142.0.7444.59,,,31-10-2025 15:29:47,31-10-2025 15:29:47,0.085s,PASSED
"click(findTestObject(""Object Repository/Checkout_OR/Page_STORE/Place order""))",Chrome 142.0.7444.59,,,31-10-2025 15:29:47,31-10-2025 15:29:49,1.399s,PASSED
"placeOrderModal = findTestObject(""Object Repository/Checkout_OR/Page_STORE/Page_STORE/div_Place order_modal-body"")",Chrome 142.0.7444.59,,,31-10-2025 15:29:49,31-10-2025 15:29:49,0.016s,PASSED
"waitForElementVisible(placeOrderModal, 10)",Chrome 142.0.7444.59,,,31-10-2025 15:29:49,31-10-2025 15:29:49,0.473s,PASSED
"verifyElementVisible(placeOrderModal, STOP_ON_FAILURE)",Chrome 142.0.7444.59,,,31-10-2025 15:29:49,31-10-2025 15:29:50,0.275s,PASSED
"click(findTestObject(""Object Repository/Checkout_OR/Page_STORE/Purchase""))",Chrome 142.0.7444.59,,,31-10-2025 15:29:50,31-10-2025 15:29:50,0.390s,PASSED
waitForAlert(3),Chrome 142.0.7444.59,,,31-10-2025 15:29:50,31-10-2025 15:29:50,0.007s,PASSED
verifyAlertPresent(0),Chrome 142.0.7444.59,,,31-10-2025 15:29:50,31-10-2025 15:29:50,0.040s,PASSED
Alert = getAlertText(),Chrome 142.0.7444.59,,,31-10-2025 15:29:50,31-10-2025 15:29:50,0.027s,PASSED
"if (Alert == ""Please fill out Name and Creditcard."")",Chrome 142.0.7444.59,,,31-10-2025 15:29:50,31-10-2025 15:29:50,0.030s,PASSED
closeBrowser(),Chrome 142.0.7444.59,,,31-10-2025 15:29:50,31-10-2025 15:29:50,0.407s,PASSED
,,,,,,,
Test Cases/Checkout_TCs/TC_CO03,Chrome 142.0.7444.59,Verify successful order placement,,31-10-2025 15:31:08,31-10-2025 15:31:34,26.326s,FAILED
"openBrowser(""https://demoblaze.com/"")",Chrome 142.0.7444.59,,,31-10-2025 15:31:08,31-10-2025 15:31:10,2.278s,PASSED
maximizeWindow(),Chrome 142.0.7444.59,,,31-10-2025 15:31:10,31-10-2025 15:31:10,0.088s,PASSED
"click(findTestObject(""LogIn_OR/Page_STORE/a_Cart_login2""))",Chrome 142.0.7444.59,,,31-10-2025 15:31:10,31-10-2025 15:31:12,1.536s,PASSED
"setText(findTestObject(""Object Repository/Login_OR/Page_STORE/input_Username_loginusername""), ""omar_test123"")",Chrome 142.0.7444.59,,,31-10-2025 15:31:12,31-10-2025 15:31:13,0.966s,PASSED
"setText(findTestObject(""Object Repository/Login_OR/Page_STORE/input_Password_loginpassword""), ""Test123"")",Chrome 142.0.7444.59,,,31-10-2025 15:31:13,31-10-2025 15:31:13,0.689s,PASSED
"click(findTestObject(""LogIn_OR/Page_STORE/button_Close_btn btn-primary""))",Chrome 142.0.7444.59,,,31-10-2025 15:31:13,31-10-2025 15:31:14,0.392s,PASSED
"verifyTextPresent(""Welcome omar_test123"", false)",Chrome 142.0.7444.59,,,31-10-2025 15:31:14,31-10-2025 15:31:15,1.775s,PASSED
delay(2),Chrome 142.0.7444.59,,,31-10-2025 15:31:15,31-10-2025 15:31:17,2.017s,PASSED
"click(findTestObject(""CartManagement_OR/Page_STORE/Page_STORE/Home""))",Chrome 142.0.7444.59,,,31-10-2025 15:31:17,31-10-2025 15:31:18,0.691s,PASSED
"click(findTestObject(""CartManagement_OR/Page_STORE/Page_STORE/Laptops""))",Chrome 142.0.7444.59,,,31-10-2025 15:31:18,31-10-2025 15:31:19,1.018s,PASSED
"click(findTestObject(""CartManagement_OR/Page_STORE/Page_STORE/Macbook pro""))",Chrome 142.0.7444.59,,,31-10-2025 15:31:19,31-10-2025 15:31:21,1.632s,PASSED
"click(findTestObject(""CartManagement_OR/Page_STORE/Page_STORE/Add to cart""))",Chrome 142.0.7444.59,,,31-10-2025 15:31:21,31-10-2025 15:31:23,1.841s,PASSED
waitForAlert(5),Chrome 142.0.7444.59,,,31-10-2025 15:31:23,31-10-2025 15:31:24,1.039s,PASSED
acceptAlert(),Chrome 142.0.7444.59,,,31-10-2025 15:31:24,31-10-2025 15:31:24,0.009s,PASSED
"click(findTestObject(""CartManagement_OR/Page_STORE/Page_STORE/cart""))",Chrome 142.0.7444.59,,,31-10-2025 15:31:24,31-10-2025 15:31:25,1.417s,PASSED
waitForPageLoad(10),Chrome 142.0.7444.59,,,31-10-2025 15:31:25,31-10-2025 15:31:25,0.065s,PASSED
"click(findTestObject(""Object Repository/Checkout_OR/Page_STORE/Place order""))",Chrome 142.0.7444.59,,,31-10-2025 15:31:25,31-10-2025 15:31:27,1.469s,PASSED
"placeOrderModal = findTestObject(""Object Repository/Checkout_OR/Page_STORE/Page_STORE/div_Place order_modal-body"")",Chrome 142.0.7444.59,,,31-10-2025 15:31:27,31-10-2025 15:31:27,0.004s,PASSED
"waitForElementVisible(placeOrderModal, 10)",Chrome 142.0.7444.59,,,31-10-2025 15:31:27,31-10-2025 15:31:27,0.522s,PASSED
"verifyElementVisible(placeOrderModal, STOP_ON_FAILURE)",Chrome 142.0.7444.59,,,31-10-2025 15:31:27,31-10-2025 15:31:27,0.257s,PASSED
"setText(findTestObject(""Object Repository/Checkout_OR/Page_STORE/input_Name_name""), ""Omar Hazem"")",Chrome 142.0.7444.59,,,31-10-2025 15:31:27,31-10-2025 15:31:28,0.750s,PASSED
"setText(findTestObject(""Checkout_OR/Page_STORE/input_Country_country""), ""Egypt"")",Chrome 142.0.7444.59,,,31-10-2025 15:31:28,31-10-2025 15:31:29,0.744s,PASSED
"setText(findTestObject(""Checkout_OR/Page_STORE/input_City_city""), ""Cairo"")",Chrome 142.0.7444.59,,,31-10-2025 15:31:29,31-10-2025 15:31:30,0.914s,PASSED
"setText(findTestObject(""Checkout_OR/Page_STORE/input_Year_year""), ""2027"")",Chrome 142.0.7444.59,,,31-10-2025 15:31:30,31-10-2025 15:31:31,0.797s,PASSED
"setText(findTestObject(""Checkout_OR/Page_STORE/input_Month_month""), ""12"")",Chrome 142.0.7444.59,,,31-10-2025 15:31:31,31-10-2025 15:31:31,0.714s,PASSED
"setText(findTestObject(""Checkout_OR/Page_STORE/input_Credit card_card""), ""4111 1111 1111 1111"")",Chrome 142.0.7444.59,,,31-10-2025 15:31:31,31-10-2025 15:31:32,0.822s,PASSED
"click(findTestObject(""Object Repository/Checkout_OR/Page_STORE/Purchase""))",Chrome 142.0.7444.59,,,31-10-2025 15:31:32,31-10-2025 15:31:33,0.476s,PASSED
"Alert = getText(findTestObject(""Object Repository/CartManagement_OR/Page_STORE/Page_STORE/h2""))",Chrome 142.0.7444.59,,,31-10-2025 15:31:33,31-10-2025 15:31:33,0.712s,PASSED
print(Alert),Chrome 142.0.7444.59,,,31-10-2025 15:31:33,31-10-2025 15:31:33,0.001s,PASSED
"Alert2 = getText(findTestObject(""Object Repository/CartManagement_OR/Page_STORE/Page_STORE/p_Thank you for your purchase_lead text-muted""))",Chrome 142.0.7444.59,,,31-10-2025 15:31:33,31-10-2025 15:31:34,0.264s,PASSED
"println(""Alert Text: "" + Alert2)",Chrome 142.0.7444.59,,,31-10-2025 15:31:34,31-10-2025 15:31:34,0.001s,PASSED
"alertDate = split(""Date:"")[1].trim()",Chrome 142.0.7444.59,,,31-10-2025 15:31:34,31-10-2025 15:31:34,0.001s,PASSED
today = new java.util.Date(),Chrome 142.0.7444.59,,,31-10-2025 15:31:34,31-10-2025 15:31:34,0.001s,PASSED
sdf = new java.text.SimpleDateFormat(d/M/yyyy),Chrome 142.0.7444.59,,,31-10-2025 15:31:34,31-10-2025 15:31:34,0.000s,PASSED
realDate = sdf.format(today),Chrome 142.0.7444.59,,,31-10-2025 15:31:34,31-10-2025 15:31:34,0.001s,PASSED
"if (Alert.contains(""Thank you for your purchase!""))",Chrome 142.0.7444.59,,,31-10-2025 15:31:34,31-10-2025 15:31:34,0.004s,FAILED
closeBrowser(),Chrome 142.0.7444.59,,,31-10-2025 15:31:34,31-10-2025 15:31:34,0.379s,PASSED
,,,,,,,
Test Cases/Checkout_TCs/TC_CO04,Chrome 142.0.7444.59,Verify cart clears after purchase,,31-10-2025 15:31:34,31-10-2025 15:32:03,28.734s,PASSED
"openBrowser(""https://demoblaze.com/"")",Chrome 142.0.7444.59,,,31-10-2025 15:31:34,31-10-2025 15:31:36,2.243s,PASSED
maximizeWindow(),Chrome 142.0.7444.59,,,31-10-2025 15:31:36,31-10-2025 15:31:37,0.127s,PASSED
"click(findTestObject(""LogIn_OR/Page_STORE/a_Cart_login2""))",Chrome 142.0.7444.59,,,31-10-2025 15:31:37,31-10-2025 15:31:38,1.272s,PASSED
"setText(findTestObject(""Object Repository/Login_OR/Page_STORE/input_Username_loginusername""), ""omar_test123"")",Chrome 142.0.7444.59,,,31-10-2025 15:31:38,31-10-2025 15:31:39,0.978s,PASSED
"setText(findTestObject(""Object Repository/Login_OR/Page_STORE/input_Password_loginpassword""), ""Test123"")",Chrome 142.0.7444.59,,,31-10-2025 15:31:39,31-10-2025 15:31:40,0.719s,PASSED
"click(findTestObject(""LogIn_OR/Page_STORE/button_Close_btn btn-primary""))",Chrome 142.0.7444.59,,,31-10-2025 15:31:40,31-10-2025 15:31:40,0.400s,PASSED
"verifyTextPresent(""Welcome omar_test123"", false)",Chrome 142.0.7444.59,,,31-10-2025 15:31:40,31-10-2025 15:31:42,1.761s,PASSED
delay(2),Chrome 142.0.7444.59,,,31-10-2025 15:31:42,31-10-2025 15:31:44,2.007s,PASSED
"click(findTestObject(""CartManagement_OR/Page_STORE/Page_STORE/Home""))",Chrome 142.0.7444.59,,,31-10-2025 15:31:44,31-10-2025 15:31:44,0.820s,PASSED
"click(findTestObject(""CartManagement_OR/Page_STORE/Page_STORE/Laptops""))",Chrome 142.0.7444.59,,,31-10-2025 15:31:44,31-10-2025 15:31:45,0.987s,PASSED
"click(findTestObject(""CartManagement_OR/Page_STORE/Page_STORE/Macbook pro""))",Chrome 142.0.7444.59,,,31-10-2025 15:31:45,31-10-2025 15:31:47,1.571s,PASSED
"click(findTestObject(""CartManagement_OR/Page_STORE/Page_STORE/Add to cart""))",Chrome 142.0.7444.59,,,31-10-2025 15:31:47,31-10-2025 15:31:49,1.596s,PASSED
waitForAlert(5),Chrome 142.0.7444.59,,,31-10-2025 15:31:49,31-10-2025 15:31:50,1.037s,PASSED
acceptAlert(),Chrome 142.0.7444.59,,,31-10-2025 15:31:50,31-10-2025 15:31:50,0.011s,PASSED
"click(findTestObject(""CartManagement_OR/Page_STORE/Page_STORE/cart""))",Chrome 142.0.7444.59,,,31-10-2025 15:31:50,31-10-2025 15:31:51,0.902s,PASSED
waitForPageLoad(10),Chrome 142.0.7444.59,,,31-10-2025 15:31:51,31-10-2025 15:31:51,0.051s,PASSED
"click(findTestObject(""Object Repository/Checkout_OR/Page_STORE/Place order""))",Chrome 142.0.7444.59,,,31-10-2025 15:31:51,31-10-2025 15:31:52,1.281s,PASSED
"placeOrderModal = findTestObject(""Object Repository/Checkout_OR/Page_STORE/Page_STORE/div_Place order_modal-body"")",Chrome 142.0.7444.59,,,31-10-2025 15:31:52,31-10-2025 15:31:52,0.003s,PASSED
"waitForElementVisible(placeOrderModal, 10)",Chrome 142.0.7444.59,,,31-10-2025 15:31:52,31-10-2025 15:31:52,0.504s,PASSED
"verifyElementVisible(placeOrderModal, STOP_ON_FAILURE)",Chrome 142.0.7444.59,,,31-10-2025 15:31:52,31-10-2025 15:31:53,0.262s,PASSED
"setText(findTestObject(""Object Repository/Checkout_OR/Page_STORE/input_Name_name""), ""Omar Hazem"")",Chrome 142.0.7444.59,,,31-10-2025 15:31:53,31-10-2025 15:31:53,0.763s,PASSED
"setText(findTestObject(""Checkout_OR/Page_STORE/input_Country_country""), ""Egypt"")",Chrome 142.0.7444.59,,,31-10-2025 15:31:53,31-10-2025 15:31:54,0.732s,PASSED
"setText(findTestObject(""Checkout_OR/Page_STORE/input_City_city""), ""Cairo"")",Chrome 142.0.7444.59,,,31-10-2025 15:31:54,31-10-2025 15:31:55,0.748s,PASSED
"setText(findTestObject(""Checkout_OR/Page_STORE/input_Year_year""), ""2027"")",Chrome 142.0.7444.59,,,31-10-2025 15:31:55,31-10-2025 15:31:56,0.786s,PASSED
"setText(findTestObject(""Checkout_OR/Page_STORE/input_Month_month""), ""12"")",Chrome 142.0.7444.59,,,31-10-2025 15:31:56,31-10-2025 15:31:56,0.717s,PASSED
"setText(findTestObject(""Checkout_OR/Page_STORE/input_Credit card_card""), ""4111 1111 1111 1111"")",Chrome 142.0.7444.59,,,31-10-2025 15:31:56,31-10-2025 15:31:57,0.797s,PASSED
"click(findTestObject(""Object Repository/Checkout_OR/Page_STORE/Purchase""))",Chrome 142.0.7444.59,,,31-10-2025 15:31:57,31-10-2025 15:31:58,0.460s,PASSED
"Alert = getText(findTestObject(""Object Repository/CartManagement_OR/Page_STORE/Page_STORE/h2""))",Chrome 142.0.7444.59,,,31-10-2025 15:31:58,31-10-2025 15:31:58,0.719s,PASSED
print(Alert),Chrome 142.0.7444.59,,,31-10-2025 15:31:58,31-10-2025 15:31:58,0.002s,PASSED
"Alert2 = getText(findTestObject(""Object Repository/CartManagement_OR/Page_STORE/Page_STORE/p_Thank you for your purchase_lead text-muted""))",Chrome 142.0.7444.59,,,31-10-2025 15:31:58,31-10-2025 15:31:59,0.295s,PASSED
"println(""Alert Text: "" + Alert2)",Chrome 142.0.7444.59,,,31-10-2025 15:31:59,31-10-2025 15:31:59,0.002s,PASSED
"alertDate = split(""Date:"")[1].trim()",Chrome 142.0.7444.59,,,31-10-2025 15:31:59,31-10-2025 15:31:59,0.001s,PASSED
today = new java.util.Date(),Chrome 142.0.7444.59,,,31-10-2025 15:31:59,31-10-2025 15:31:59,0.001s,PASSED
sdf = new java.text.SimpleDateFormat(d/M/yyyy),Chrome 142.0.7444.59,,,31-10-2025 15:31:59,31-10-2025 15:31:59,0.001s,PASSED
realDate = sdf.format(today),Chrome 142.0.7444.59,,,31-10-2025 15:31:59,31-10-2025 15:31:59,0.001s,PASSED
"if (Alert.contains(""Thank you for your purchase!""))",Chrome 142.0.7444.59,,,31-10-2025 15:31:59,31-10-2025 15:31:59,0.010s,PASSED
"click(findTestObject(""Object Repository/CartManagement_OR/Page_STORE/Page_STORE/ok""))",Chrome 142.0.7444.59,,,31-10-2025 15:31:59,31-10-2025 15:32:00,0.963s,PASSED
"click(findTestObject(""CartManagement_OR/Page_STORE/Page_STORE/cart""))",Chrome 142.0.7444.59,,,31-10-2025 15:32:00,31-10-2025 15:32:02,1.825s,PASSED
waitForPageLoad(10),Chrome 142.0.7444.59,,,31-10-2025 15:32:02,31-10-2025 15:32:02,0.048s,PASSED
"isItemNotPresent = verifyElementNotPresent(findTestObject(""CartManagement_OR/Page_STORE/Page_STORE/product_row""), 5, OPTIONAL)",Chrome 142.0.7444.59,,,31-10-2025 15:32:02,31-10-2025 15:32:02,0.793s,PASSED
if (isItemNotPresent),Chrome 142.0.7444.59,,,31-10-2025 15:32:02,31-10-2025 15:32:02,0.003s,PASSED
closeBrowser(),Chrome 142.0.7444.59,,,31-10-2025 15:32:02,31-10-2025 15:32:03,0.365s,PASSED
,,,,,,,
Test Cases/Checkout_TCs/TC_CO05,Chrome 142.0.7444.59,Verfiy user cannot place empty orders,,31-10-2025 15:32:40,31-10-2025 15:32:53,12.373s,FAILED
"openBrowser(""https://demoblaze.com/"")",Chrome 142.0.7444.59,,,31-10-2025 15:32:40,31-10-2025 15:32:42,2.240s,PASSED
maximizeWindow(),Chrome 142.0.7444.59,,,31-10-2025 15:32:42,31-10-2025 15:32:43,0.091s,PASSED
"click(findTestObject(""CartManagement_OR/Page_STORE/Page_STORE/cart""))",Chrome 142.0.7444.59,,,31-10-2025 15:32:43,31-10-2025 15:32:45,2.294s,PASSED
waitForPageLoad(10),Chrome 142.0.7444.59,,,31-10-2025 15:32:45,31-10-2025 15:32:45,0.074s,PASSED
"isItemNotPresent = verifyElementNotPresent(findTestObject(""CartManagement_OR/Page_STORE/Page_STORE/product_row""), 5)",Chrome 142.0.7444.59,,,31-10-2025 15:32:45,31-10-2025 15:32:46,0.810s,PASSED
if (!(isItemNotPresent)),Chrome 142.0.7444.59,,,31-10-2025 15:32:46,31-10-2025 15:32:46,0.000s,PASSED
"click(findTestObject(""Object Repository/Checkout_OR/Page_STORE/Place order""))",Chrome 142.0.7444.59,,,31-10-2025 15:32:46,31-10-2025 15:32:46,0.379s,PASSED
"setText(findTestObject(""Object Repository/Checkout_OR/Page_STORE/input_Name_name""), ""Omar Hazem"")",Chrome 142.0.7444.59,,,31-10-2025 15:32:46,31-10-2025 15:32:47,1.013s,PASSED
"setText(findTestObject(""Checkout_OR/Page_STORE/input_Country_country""), ""Egypt"")",Chrome 142.0.7444.59,,,31-10-2025 15:32:47,31-10-2025 15:32:48,0.716s,PASSED
"setText(findTestObject(""Checkout_OR/Page_STORE/input_City_city""), ""Cairo"")",Chrome 142.0.7444.59,,,31-10-2025 15:32:48,31-10-2025 15:32:49,0.875s,PASSED
"setText(findTestObject(""Checkout_OR/Page_STORE/input_Year_year""), ""2027"")",Chrome 142.0.7444.59,,,31-10-2025 15:32:49,31-10-2025 15:32:49,0.753s,PASSED
"setText(findTestObject(""Checkout_OR/Page_STORE/input_Month_month""), ""12"")",Chrome 142.0.7444.59,,,31-10-2025 15:32:49,31-10-2025 15:32:50,0.757s,PASSED
"setText(findTestObject(""Checkout_OR/Page_STORE/input_Credit card_card""), ""4111 1111 1111 1111"")",Chrome 142.0.7444.59,,,31-10-2025 15:32:50,31-10-2025 15:32:51,0.906s,PASSED
"click(findTestObject(""Object Repository/Checkout_OR/Page_STORE/Purchase""))",Chrome 142.0.7444.59,,,31-10-2025 15:32:51,31-10-2025 15:32:52,0.476s,PASSED
"Alert = getText(findTestObject(""Object Repository/CartManagement_OR/Page_STORE/Page_STORE/h2""))",Chrome 142.0.7444.59,,,31-10-2025 15:32:52,31-10-2025 15:32:52,0.600s,PASSED
"if (Alert.contains(""Thank you for your purchase!""))",Chrome 142.0.7444.59,,,31-10-2025 15:32:52,31-10-2025 15:32:52,0.001s,FAILED
closeBrowser(),Chrome 142.0.7444.59,,,31-10-2025 15:32:52,31-10-2025 15:32:53,0.368s,PASSED
,,,,,,,
Test Cases/Checkout_TCs/TC_CO06,Chrome 142.0.7444.59,Verify order fails with invalid fields,,31-10-2025 15:33:45,31-10-2025 15:34:03,17.728s,FAILED
"openBrowser(""https://demoblaze.com/"")",Chrome 142.0.7444.59,,,31-10-2025 15:33:45,31-10-2025 15:33:48,2.481s,PASSED
maximizeWindow(),Chrome 142.0.7444.59,,,31-10-2025 15:33:48,31-10-2025 15:33:48,0.088s,PASSED
"click(findTestObject(""CartManagement_OR/Page_STORE/Page_STORE/Home""))",Chrome 142.0.7444.59,,,31-10-2025 15:33:48,31-10-2025 15:33:50,2.191s,PASSED
"click(findTestObject(""CartManagement_OR/Page_STORE/Page_STORE/Laptops""))",Chrome 142.0.7444.59,,,31-10-2025 15:33:50,31-10-2025 15:33:51,1.085s,PASSED
"click(findTestObject(""CartManagement_OR/Page_STORE/Page_STORE/Macbook pro""))",Chrome 142.0.7444.59,,,31-10-2025 15:33:51,31-10-2025 15:33:53,1.613s,PASSED
"click(findTestObject(""CartManagement_OR/Page_STORE/Page_STORE/Add to cart""))",Chrome 142.0.7444.59,,,31-10-2025 15:33:53,31-10-2025 15:33:54,1.051s,PASSED
waitForAlert(5),Chrome 142.0.7444.59,,,31-10-2025 15:33:54,31-10-2025 15:33:54,0.535s,PASSED
acceptAlert(),Chrome 142.0.7444.59,,,31-10-2025 15:33:54,31-10-2025 15:33:54,0.014s,PASSED
"click(findTestObject(""CartManagement_OR/Page_STORE/Page_STORE/cart""))",Chrome 142.0.7444.59,,,31-10-2025 15:33:54,31-10-2025 15:33:55,0.995s,PASSED
waitForPageLoad(10),Chrome 142.0.7444.59,,,31-10-2025 15:33:55,31-10-2025 15:33:55,0.052s,PASSED
"click(findTestObject(""Object Repository/Checkout_OR/Page_STORE/Place order""))",Chrome 142.0.7444.59,,,31-10-2025 15:33:55,31-10-2025 15:33:57,1.117s,PASSED
"setText(findTestObject(""Object Repository/Checkout_OR/Page_STORE/input_Name_name""), ""123"")",Chrome 142.0.7444.59,,,31-10-2025 15:33:57,31-10-2025 15:33:58,0.955s,PASSED
"setText(findTestObject(""Checkout_OR/Page_STORE/input_Country_country""), ""567"")",Chrome 142.0.7444.59,,,31-10-2025 15:33:58,31-10-2025 15:33:58,0.685s,PASSED
"setText(findTestObject(""Checkout_OR/Page_STORE/input_City_city""), ""789?"")",Chrome 142.0.7444.59,,,31-10-2025 15:33:58,31-10-2025 15:33:59,0.837s,PASSED
"setText(findTestObject(""Checkout_OR/Page_STORE/input_Year_year""), ""1"")",Chrome 142.0.7444.59,,,31-10-2025 15:33:59,31-10-2025 15:34:00,0.805s,PASSED
"setText(findTestObject(""Checkout_OR/Page_STORE/input_Month_month""), ""13"")",Chrome 142.0.7444.59,,,31-10-2025 15:34:00,31-10-2025 15:34:01,0.704s,PASSED
"setText(findTestObject(""Checkout_OR/Page_STORE/input_Credit card_card""), ""Omar"")",Chrome 142.0.7444.59,,,31-10-2025 15:34:01,31-10-2025 15:34:01,0.842s,PASSED
"click(findTestObject(""Object Repository/Checkout_OR/Page_STORE/Purchase""))",Chrome 142.0.7444.59,,,31-10-2025 15:34:01,31-10-2025 15:34:02,0.476s,PASSED
"successMessage = verifyTextPresent(""Thank you for your purchase!"", false, OPTIONAL)",Chrome 142.0.7444.59,,,31-10-2025 15:34:02,31-10-2025 15:34:03,0.755s,PASSED
if (successMessage),Chrome 142.0.7444.59,,,31-10-2025 15:34:03,31-10-2025 15:34:03,0.003s,FAILED
closeBrowser(),Chrome 142.0.7444.59,,,31-10-2025 15:34:03,31-10-2025 15:34:03,0.420s,PASSED
