Suite/Test/Step Name,Browser,Description,Tag,Start time,End time,Duration,Status
ContactForm_TS,Chrome 142.0.7444.59,,,31-10-2025 15:34:08,31-10-2025 15:35:15,1m - 6.854s,FAILED
,,,,,,,
Test Cases/ContactForm_TCs/TC_CF01,Chrome 142.0.7444.59,Verify contact form opens,,31-10-2025 15:34:08,31-10-2025 15:34:16,7.435s,PASSED
"openBrowser(""https://www.demoblaze.com/"")",Chrome 142.0.7444.59,,,31-10-2025 15:34:09,31-10-2025 15:34:12,3.774s,PASSED
"click(findTestObject(""ContactForm_OR/Page_STORE/contact form""))",Chrome 142.0.7444.59,,,31-10-2025 15:34:12,31-10-2025 15:34:15,2.213s,PASSED
"waitForElementPresent(findTestObject(""ContactForm_OR/Page_STORE/Page_STORE/div_New message_modal-body""), 0)",Chrome 142.0.7444.59,,,31-10-2025 15:34:15,31-10-2025 15:34:15,0.452s,PASSED
"verifyElementVisible(findTestObject(""ContactForm_OR/Page_STORE/Page_STORE/div_New message_modal-body""))",Chrome 142.0.7444.59,,,31-10-2025 15:34:15,31-10-2025 15:34:16,0.360s,PASSED
closeBrowser(),Chrome 142.0.7444.59,,,31-10-2025 15:34:16,31-10-2025 15:34:16,0.199s,PASSED
,,,,,,,
Test Cases/ContactForm_TCs/TC_CF02,Chrome 142.0.7444.59,Verify contact form submits with valid data,,31-10-2025 15:34:16,31-10-2025 15:34:24,8.644s,PASSED
"openBrowser(""https://www.demoblaze.com/"")",Chrome 142.0.7444.59,,,31-10-2025 15:34:16,31-10-2025 15:34:18,2.294s,PASSED
"click(findTestObject(""ContactForm_OR/Page_STORE/contact form""))",Chrome 142.0.7444.59,,,31-10-2025 15:34:18,31-10-2025 15:34:20,2.145s,PASSED
"waitForElementPresent(findTestObject(""ContactForm_OR/Page_STORE/Page_STORE/div_New message_modal-body""), 0)",Chrome 142.0.7444.59,,,31-10-2025 15:34:20,31-10-2025 15:34:21,0.518s,PASSED
"setText(findTestObject(""ContactForm_OR/Page_STORE/input_Contact Email_recipient-email""), ""omar@test.com"")",Chrome 142.0.7444.59,,,31-10-2025 15:34:21,31-10-2025 15:34:22,0.859s,PASSED
"setText(findTestObject(""ContactForm_OR/Page_STORE/input_Contact Name_recipient-name""), ""Omar"")",Chrome 142.0.7444.59,,,31-10-2025 15:34:22,31-10-2025 15:34:23,0.775s,PASSED
"setText(findTestObject(""ContactForm_OR/Page_STORE/textarea_Message_message-text""), ""Hello World"")",Chrome 142.0.7444.59,,,31-10-2025 15:34:23,31-10-2025 15:34:23,0.819s,PASSED
"click(findTestObject(""ContactForm_OR/Page_STORE/button_Close_btn btn-primary""))",Chrome 142.0.7444.59,,,31-10-2025 15:34:23,31-10-2025 15:34:24,0.447s,PASSED
waitForAlert(0),Chrome 142.0.7444.59,,,31-10-2025 15:34:24,31-10-2025 15:34:24,0.062s,PASSED
Alert = getAlertText(),Chrome 142.0.7444.59,,,31-10-2025 15:34:24,31-10-2025 15:34:24,0.034s,PASSED
"if (Alert == ""Thanks for the message!!"")",Chrome 142.0.7444.59,,,31-10-2025 15:34:24,31-10-2025 15:34:24,0.027s,PASSED
closeBrowser(),Chrome 142.0.7444.59,,,31-10-2025 15:34:24,31-10-2025 15:34:24,0.350s,PASSED
,,,,,,,
Test Cases/ContactForm_TCs/TC_CF03,Chrome 142.0.7444.59,Verify contact form cannot submits with empty fields,,31-10-2025 15:34:41,31-10-2025 15:34:46,5.126s,FAILED
"openBrowser(""https://www.demoblaze.com/"")",Chrome 142.0.7444.59,,,31-10-2025 15:34:41,31-10-2025 15:34:43,2.181s,PASSED
"click(findTestObject(""ContactForm_OR/Page_STORE/contact form""))",Chrome 142.0.7444.59,,,31-10-2025 15:34:43,31-10-2025 15:34:44,1.652s,PASSED
"waitForElementPresent(findTestObject(""ContactForm_OR/Page_STORE/Page_STORE/div_New message_modal-body""), 0)",Chrome 142.0.7444.59,,,31-10-2025 15:34:44,31-10-2025 15:34:45,0.501s,PASSED
"click(findTestObject(""ContactForm_OR/Page_STORE/button_Close_btn btn-primary""))",Chrome 142.0.7444.59,,,31-10-2025 15:34:45,31-10-2025 15:34:45,0.409s,PASSED
waitForAlert(0),Chrome 142.0.7444.59,,,31-10-2025 15:34:45,31-10-2025 15:34:45,0.023s,PASSED
Alert = getAlertText(),Chrome 142.0.7444.59,,,31-10-2025 15:34:45,31-10-2025 15:34:45,0.011s,PASSED
"if (Alert == ""Thanks for the message!!"")",Chrome 142.0.7444.59,,,31-10-2025 15:34:45,31-10-2025 15:34:45,0.009s,FAILED
closeBrowser(),Chrome 142.0.7444.59,,,31-10-2025 15:34:45,31-10-2025 15:34:46,0.318s,PASSED
,,,,,,,
Test Cases/ContactForm_TCs/TC_CF04,Chrome 142.0.7444.59,Verify contact form cannot submits with invalid email format,,31-10-2025 15:35:08,31-10-2025 15:35:15,6.938s,FAILED
"openBrowser(""https://www.demoblaze.com/"")",Chrome 142.0.7444.59,,,31-10-2025 15:35:08,31-10-2025 15:35:10,2.317s,PASSED
"click(findTestObject(""ContactForm_OR/Page_STORE/contact form""))",Chrome 142.0.7444.59,,,31-10-2025 15:35:10,31-10-2025 15:35:11,1.158s,PASSED
"waitForElementPresent(findTestObject(""ContactForm_OR/Page_STORE/Page_STORE/div_New message_modal-body""), 0)",Chrome 142.0.7444.59,,,31-10-2025 15:35:11,31-10-2025 15:35:12,0.460s,PASSED
"setText(findTestObject(""ContactForm_OR/Page_STORE/input_Contact Email_recipient-email""), ""omar@@test?"")",Chrome 142.0.7444.59,,,31-10-2025 15:35:12,31-10-2025 15:35:12,0.815s,PASSED
"setText(findTestObject(""ContactForm_OR/Page_STORE/input_Contact Name_recipient-name""), ""Omar"")",Chrome 142.0.7444.59,,,31-10-2025 15:35:12,31-10-2025 15:35:13,0.716s,PASSED
"setText(findTestObject(""ContactForm_OR/Page_STORE/textarea_Message_message-text""), ""Hello World"")",Chrome 142.0.7444.59,,,31-10-2025 15:35:13,31-10-2025 15:35:14,0.727s,PASSED
"click(findTestObject(""ContactForm_OR/Page_STORE/button_Close_btn btn-primary""))",Chrome 142.0.7444.59,,,31-10-2025 15:35:14,31-10-2025 15:35:14,0.362s,PASSED
waitForAlert(0),Chrome 142.0.7444.59,,,31-10-2025 15:35:14,31-10-2025 15:35:14,0.026s,PASSED
Alert = getAlertText(),Chrome 142.0.7444.59,,,31-10-2025 15:35:14,31-10-2025 15:35:14,0.006s,PASSED
"if (Alert == ""Thanks for the message!!"")",Chrome 142.0.7444.59,,,31-10-2025 15:35:14,31-10-2025 15:35:14,0.004s,FAILED
closeBrowser(),Chrome 142.0.7444.59,,,31-10-2025 15:35:14,31-10-2025 15:35:15,0.330s,PASSED
