Suite/Test/Step Name,Browser,Description,Tag,Start time,End time,Duration,Status
LogIn_TS,Chrome 142.0.7444.59,,,31-10-2025 15:24:13,31-10-2025 15:24:44,31.134s,PASSED
,,,,,,,
Test Cases/LogIn_TCs/TC_LI01,Chrome 142.0.7444.59,login up with valid username and valid password,,31-10-2025 15:24:14,31-10-2025 15:24:24,10.531s,PASSED
"openBrowser(""https://demoblaze.com/"")",Chrome 142.0.7444.59,,,31-10-2025 15:24:14,31-10-2025 15:24:18,3.765s,PASSED
"click(findTestObject(""LogIn_OR/Page_STORE/a_Cart_login2""))",Chrome 142.0.7444.59,,,31-10-2025 15:24:18,31-10-2025 15:24:20,2.209s,PASSED
"setText(findTestObject(""LogIn_OR/Page_STORE/input_Username_loginusername""), ""omar_test123"")",Chrome 142.0.7444.59,,,31-10-2025 15:24:20,31-10-2025 15:24:21,0.933s,PASSED
"setText(findTestObject(""LogIn_OR/Page_STORE/input_Password_loginpassword""), ""Test123"")",Chrome 142.0.7444.59,,,31-10-2025 15:24:21,31-10-2025 15:24:22,0.748s,PASSED
"click(findTestObject(""LogIn_OR/Page_STORE/button_Close_btn btn-primary""))",Chrome 142.0.7444.59,,,31-10-2025 15:24:22,31-10-2025 15:24:22,0.368s,PASSED
"verifyTextPresent(""Welcome omar_test123"", false)",Chrome 142.0.7444.59,,,31-10-2025 15:24:22,31-10-2025 15:24:24,1.721s,PASSED
closeBrowser(),Chrome 142.0.7444.59,,,31-10-2025 15:24:24,31-10-2025 15:24:24,0.334s,PASSED
,,,,,,,
Test Cases/LogIn_TCs/TC_LI02,Chrome 142.0.7444.59,login up with empty username and valid password,,31-10-2025 15:24:24,31-10-2025 15:24:30,5.610s,PASSED
"openBrowser(""https://demoblaze.com/"")",Chrome 142.0.7444.59,,,31-10-2025 15:24:24,31-10-2025 15:24:26,2.205s,PASSED
"click(findTestObject(""LogIn_OR/Page_STORE/a_Cart_login2""))",Chrome 142.0.7444.59,,,31-10-2025 15:24:26,31-10-2025 15:24:28,1.418s,PASSED
"setText(findTestObject(""LogIn_OR/Page_STORE/input_Password_loginpassword""), ""Test123"")",Chrome 142.0.7444.59,,,31-10-2025 15:24:28,31-10-2025 15:24:29,0.946s,PASSED
"click(findTestObject(""LogIn_OR/Page_STORE/button_Close_btn btn-primary""))",Chrome 142.0.7444.59,,,31-10-2025 15:24:29,31-10-2025 15:24:29,0.379s,PASSED
waitForAlert(5),Chrome 142.0.7444.59,,,31-10-2025 15:24:29,31-10-2025 15:24:29,0.051s,PASSED
Alert = getAlertText(),Chrome 142.0.7444.59,,,31-10-2025 15:24:29,31-10-2025 15:24:29,0.023s,PASSED
"if (Alert == ""Please fill out Username and Password."")",Chrome 142.0.7444.59,,,31-10-2025 15:24:29,31-10-2025 15:24:29,0.030s,PASSED
acceptAlert(),Chrome 142.0.7444.59,,,31-10-2025 15:24:29,31-10-2025 15:24:29,0.041s,PASSED
closeBrowser(),Chrome 142.0.7444.59,,,31-10-2025 15:24:29,31-10-2025 15:24:30,0.398s,PASSED
,,,,,,,
Test Cases/LogIn_TCs/TC_LI03,Chrome 142.0.7444.59,sign up with invalid username and valid password,,31-10-2025 15:24:30,31-10-2025 15:24:37,7.393s,PASSED
"openBrowser(""https://demoblaze.com/"")",Chrome 142.0.7444.59,,,31-10-2025 15:24:30,31-10-2025 15:24:32,2.238s,PASSED
"click(findTestObject(""LogIn_OR/Page_STORE/a_Cart_login2""))",Chrome 142.0.7444.59,,,31-10-2025 15:24:32,31-10-2025 15:24:34,1.742s,PASSED
"setText(findTestObject(""LogIn_OR/Page_STORE/input_Username_loginusername""), ""omar"")",Chrome 142.0.7444.59,,,31-10-2025 15:24:34,31-10-2025 15:24:35,1.207s,PASSED
"setText(findTestObject(""LogIn_OR/Page_STORE/input_Password_loginpassword""), ""Test123"")",Chrome 142.0.7444.59,,,31-10-2025 15:24:35,31-10-2025 15:24:36,0.799s,PASSED
"click(findTestObject(""LogIn_OR/Page_STORE/button_Close_btn btn-primary""))",Chrome 142.0.7444.59,,,31-10-2025 15:24:36,31-10-2025 15:24:36,0.351s,PASSED
waitForAlert(5),Chrome 142.0.7444.59,,,31-10-2025 15:24:36,31-10-2025 15:24:37,0.538s,PASSED
Alert = getAlertText(),Chrome 142.0.7444.59,,,31-10-2025 15:24:37,31-10-2025 15:24:37,0.013s,PASSED
"if (Alert == ""Wrong password."")",Chrome 142.0.7444.59,,,31-10-2025 15:24:37,31-10-2025 15:24:37,0.011s,PASSED
acceptAlert(),Chrome 142.0.7444.59,,,31-10-2025 15:24:37,31-10-2025 15:24:37,0.040s,PASSED
closeBrowser(),Chrome 142.0.7444.59,,,31-10-2025 15:24:37,31-10-2025 15:24:37,0.358s,PASSED
,,,,,,,
Test Cases/LogIn_TCs/TC_LI04,Chrome 142.0.7444.59,sign up with valid username and wrong password,,31-10-2025 15:24:37,31-10-2025 15:24:44,6.936s,PASSED
"openBrowser(""https://demoblaze.com/"")",Chrome 142.0.7444.59,,,31-10-2025 15:24:37,31-10-2025 15:24:40,2.383s,PASSED
"click(findTestObject(""LogIn_OR/Page_STORE/a_Cart_login2""))",Chrome 142.0.7444.59,,,31-10-2025 15:24:40,31-10-2025 15:24:41,1.383s,PASSED
"setText(findTestObject(""LogIn_OR/Page_STORE/input_Username_loginusername""), ""omar_test123"")",Chrome 142.0.7444.59,,,31-10-2025 15:24:41,31-10-2025 15:24:42,0.999s,PASSED
"setText(findTestObject(""LogIn_OR/Page_STORE/input_Password_loginpassword""), ""Test"")",Chrome 142.0.7444.59,,,31-10-2025 15:24:42,31-10-2025 15:24:43,0.695s,PASSED
"click(findTestObject(""LogIn_OR/Page_STORE/button_Close_btn btn-primary""))",Chrome 142.0.7444.59,,,31-10-2025 15:24:43,31-10-2025 15:24:43,0.377s,PASSED
waitForAlert(5),Chrome 142.0.7444.59,,,31-10-2025 15:24:43,31-10-2025 15:24:44,0.553s,PASSED
Alert = getAlertText(),Chrome 142.0.7444.59,,,31-10-2025 15:24:44,31-10-2025 15:24:44,0.027s,PASSED
"if (Alert == ""Wrong password."")",Chrome 142.0.7444.59,,,31-10-2025 15:24:44,31-10-2025 15:24:44,0.020s,PASSED
acceptAlert(),Chrome 142.0.7444.59,,,31-10-2025 15:24:44,31-10-2025 15:24:44,0.048s,PASSED
closeBrowser(),Chrome 142.0.7444.59,,,31-10-2025 15:24:44,31-10-2025 15:24:44,0.367s,PASSED
