Suite/Test/Step Name,Browser,Description,Tag,Start time,End time,Duration,Status
ProductBrowsingAndDetails_TS,Chrome 142.0.7444.59,,,31-10-2025 15:24:49,31-10-2025 15:25:48,59.099s,FAILED
,,,,,,,
Test Cases/ProductBrowsingAndDetails_TCs/TC_PD01,Chrome 142.0.7444.59,"Verify products are displayed under each category (Phones, Laptops, Monitors)",,31-10-2025 15:24:49,31-10-2025 15:25:10,20.191s,PASSED
"categoryProducts = [""Phones"":[""Samsung galaxy s6"", ""Nokia lumia 1520"", ""Nexus 6"", ""HTC One M9"", ""Sony xperia z5"", ""Iphone 6 32gb"", ""Samsung galaxy s7""], ""Laptops"":[""Sony vaio i5"", ""Sony vaio i7"", ""MacBook air"", ""MacBook Pro"", ""Dell i7 8gb"", ""2017 Dell 15.6 Inch""], ... ]",Chrome 142.0.7444.59,,,31-10-2025 15:24:50,31-10-2025 15:24:50,0.023s,PASSED
"openBrowser(""https://demoblaze.com/"")",Chrome 142.0.7444.59,,,31-10-2025 15:24:50,31-10-2025 15:24:54,3.776s,PASSED
maximizeWindow(),Chrome 142.0.7444.59,,,31-10-2025 15:24:54,31-10-2025 15:24:54,0.185s,PASSED
"click(findTestObject(""LogIn_OR/Page_STORE/a_Cart_login2""))",Chrome 142.0.7444.59,,,31-10-2025 15:24:54,31-10-2025 15:24:56,1.752s,PASSED
"setText(findTestObject(""LogIn_OR/Page_STORE/input_Username_loginusername""), ""omar_test123"")",Chrome 142.0.7444.59,,,31-10-2025 15:24:56,31-10-2025 15:24:57,0.994s,PASSED
"setText(findTestObject(""LogIn_OR/Page_STORE/input_Password_loginpassword""), ""Test123"")",Chrome 142.0.7444.59,,,31-10-2025 15:24:57,31-10-2025 15:24:58,0.801s,PASSED
"click(findTestObject(""LogIn_OR/Page_STORE/button_Close_btn btn-primary""))",Chrome 142.0.7444.59,,,31-10-2025 15:24:58,31-10-2025 15:24:58,0.402s,PASSED
"verifyTextPresent(""Welcome omar_test123"", false)",Chrome 142.0.7444.59,,,31-10-2025 15:24:58,31-10-2025 15:25:00,1.866s,PASSED
"categories = [""Phones"":findTestObject(""Object Repository/ProductBrowsingAndDetails_OR/Page_STORE/Phones""), ""Laptops"":findTestObject(""Object Repository/ProductBrowsingAndDetails_OR/Page_STORE/Laptops""), ... ]",Chrome 142.0.7444.59,,,31-10-2025 15:25:00,31-10-2025 15:25:00,0.043s,PASSED
"categories.each({ java.lang.Object categoryName, java.lang.Object categoryObject -> ... })",Chrome 142.0.7444.59,,,31-10-2025 15:25:00,31-10-2025 15:25:09,9.288s,PASSED
closeBrowser(),Chrome 142.0.7444.59,,,31-10-2025 15:25:09,31-10-2025 15:25:10,0.348s,PASSED
,,,,,,,
Test Cases/ProductBrowsingAndDetails_TCs/TC_PD02,Chrome 142.0.7444.59,"Verify that pressing ""Next"" and ""previous"" displays the remaining phones",,31-10-2025 15:25:10,31-10-2025 15:25:28,18.369s,FAILED
"categoryProducts = [""Phones"":[""Samsung galaxy s6"", ""Nokia lumia 1520"", ""Nexus 6"", ""HTC One M9"", ""Sony xperia z5"", ""Iphone 6 32gb"", ""Samsung galaxy s7""], ""Laptops"":[""Sony vaio i5"", ""Sony vaio i7"", ""MacBook air"", ""MacBook Pro"", ""Dell i7 8gb"", ""2017 Dell 15.6 Inch""], ... ]",Chrome 142.0.7444.59,,,31-10-2025 15:25:10,31-10-2025 15:25:10,0.004s,PASSED
"openBrowser(""https://demoblaze.com/"")",Chrome 142.0.7444.59,,,31-10-2025 15:25:10,31-10-2025 15:25:12,2.534s,PASSED
maximizeWindow(),Chrome 142.0.7444.59,,,31-10-2025 15:25:12,31-10-2025 15:25:12,0.131s,PASSED
"click(findTestObject(""LogIn_OR/Page_STORE/a_Cart_login2""))",Chrome 142.0.7444.59,,,31-10-2025 15:25:12,31-10-2025 15:25:14,1.959s,PASSED
"setText(findTestObject(""LogIn_OR/Page_STORE/input_Username_loginusername""), ""omar_test123"")",Chrome 142.0.7444.59,,,31-10-2025 15:25:14,31-10-2025 15:25:15,1.055s,PASSED
"setText(findTestObject(""LogIn_OR/Page_STORE/input_Password_loginpassword""), ""Test123"")",Chrome 142.0.7444.59,,,31-10-2025 15:25:15,31-10-2025 15:25:16,0.751s,PASSED
"click(findTestObject(""LogIn_OR/Page_STORE/button_Close_btn btn-primary""))",Chrome 142.0.7444.59,,,31-10-2025 15:25:16,31-10-2025 15:25:17,0.391s,PASSED
"verifyTextPresent(""Welcome omar_test123"", false)",Chrome 142.0.7444.59,,,31-10-2025 15:25:17,31-10-2025 15:25:18,1.795s,PASSED
"click(findTestObject(""ProductBrowsingAndDetails_OR/Page_STORE/Phones""))",Chrome 142.0.7444.59,,,31-10-2025 15:25:18,31-10-2025 15:25:19,0.415s,PASSED
delay(2),Chrome 142.0.7444.59,,,31-10-2025 15:25:19,31-10-2025 15:25:21,2.011s,PASSED
displayed = getDisplayedProducts(),Chrome 142.0.7444.59,,,31-10-2025 15:25:21,31-10-2025 15:25:21,0.003s,PASSED
"productTitles = findTestObject(""ProductBrowsingAndDetails_OR/Page_STORE/product_titles"")",Chrome 142.0.7444.59,,,31-10-2025 15:25:21,31-10-2025 15:25:21,0.007s,PASSED
"waitForElementVisible(productTitles, 10)",Chrome 142.0.7444.59,,,31-10-2025 15:25:21,31-10-2025 15:25:21,0.296s,PASSED
"elements = findWebElements(productTitles, 10)",Chrome 142.0.7444.59,,,31-10-2025 15:25:21,31-10-2025 15:25:21,0.297s,PASSED
return elements.collect({ -> ... }),Chrome 142.0.7444.59,,,31-10-2025 15:25:21,31-10-2025 15:25:22,0.073s,PASSED
logInfo(📱 First page phones: $displayed),Chrome 142.0.7444.59,,,31-10-2025 15:25:22,31-10-2025 15:25:22,0.004s,PASSED
notPhones = displayed.findAll({ -> ... }),Chrome 142.0.7444.59,,,31-10-2025 15:25:22,31-10-2025 15:25:22,0.006s,PASSED
if (notPhones.isEmpty()),Chrome 142.0.7444.59,,,31-10-2025 15:25:22,31-10-2025 15:25:22,0.007s,PASSED
"click(findTestObject(""ProductBrowsingAndDetails_OR/Page_STORE/button_Previous_next2""))",Chrome 142.0.7444.59,,,31-10-2025 15:25:22,31-10-2025 15:25:22,0.383s,PASSED
delay(2),Chrome 142.0.7444.59,,,31-10-2025 15:25:22,31-10-2025 15:25:24,2.019s,PASSED
displayed = getDisplayedProducts(),Chrome 142.0.7444.59,,,31-10-2025 15:25:24,31-10-2025 15:25:24,0.001s,PASSED
"productTitles = findTestObject(""ProductBrowsingAndDetails_OR/Page_STORE/product_titles"")",Chrome 142.0.7444.59,,,31-10-2025 15:25:24,31-10-2025 15:25:24,0.003s,PASSED
"waitForElementVisible(productTitles, 10)",Chrome 142.0.7444.59,,,31-10-2025 15:25:24,31-10-2025 15:25:24,0.299s,PASSED
"elements = findWebElements(productTitles, 10)",Chrome 142.0.7444.59,,,31-10-2025 15:25:24,31-10-2025 15:25:25,0.257s,PASSED
return elements.collect({ -> ... }),Chrome 142.0.7444.59,,,31-10-2025 15:25:25,31-10-2025 15:25:25,0.064s,PASSED
logInfo(➡️ After Next - Phones: $displayed),Chrome 142.0.7444.59,,,31-10-2025 15:25:25,31-10-2025 15:25:25,0.003s,PASSED
notPhones = displayed.findAll({ -> ... }),Chrome 142.0.7444.59,,,31-10-2025 15:25:25,31-10-2025 15:25:25,0.005s,PASSED
if (notPhones.isEmpty()),Chrome 142.0.7444.59,,,31-10-2025 15:25:25,31-10-2025 15:25:25,0.002s,PASSED
else,Chrome 142.0.7444.59,,,31-10-2025 15:25:25,31-10-2025 15:25:25,0.008s,FAILED
"click(findTestObject(""ProductBrowsingAndDetails_OR/Page_STORE/button_790_prev2""))",Chrome 142.0.7444.59,,,31-10-2025 15:25:25,31-10-2025 15:25:25,0.421s,PASSED
delay(2),Chrome 142.0.7444.59,,,31-10-2025 15:25:25,31-10-2025 15:25:27,2.018s,PASSED
displayed = getDisplayedProducts(),Chrome 142.0.7444.59,,,31-10-2025 15:25:27,31-10-2025 15:25:27,0.001s,PASSED
"productTitles = findTestObject(""ProductBrowsingAndDetails_OR/Page_STORE/product_titles"")",Chrome 142.0.7444.59,,,31-10-2025 15:25:27,31-10-2025 15:25:27,0.004s,PASSED
"waitForElementVisible(productTitles, 10)",Chrome 142.0.7444.59,,,31-10-2025 15:25:27,31-10-2025 15:25:27,0.247s,PASSED
"elements = findWebElements(productTitles, 10)",Chrome 142.0.7444.59,,,31-10-2025 15:25:27,31-10-2025 15:25:28,0.276s,PASSED
return elements.collect({ -> ... }),Chrome 142.0.7444.59,,,31-10-2025 15:25:28,31-10-2025 15:25:28,0.091s,PASSED
logInfo(⬅️ After Previous - Phones: $displayed),Chrome 142.0.7444.59,,,31-10-2025 15:25:28,31-10-2025 15:25:28,0.004s,PASSED
notPhones = displayed.findAll({ -> ... }),Chrome 142.0.7444.59,,,31-10-2025 15:25:28,31-10-2025 15:25:28,0.004s,PASSED
if (notPhones.isEmpty()),Chrome 142.0.7444.59,,,31-10-2025 15:25:28,31-10-2025 15:25:28,0.001s,PASSED
else,Chrome 142.0.7444.59,,,31-10-2025 15:25:28,31-10-2025 15:25:28,0.005s,FAILED
closeBrowser(),Chrome 142.0.7444.59,,,31-10-2025 15:25:28,31-10-2025 15:25:28,0.329s,PASSED
,,,,,,,
Test Cases/ProductBrowsingAndDetails_TCs/TC_PD03,Chrome 142.0.7444.59,Verify clicking on a product opens the correct product details page,,31-10-2025 15:25:28,31-10-2025 15:25:39,10.976s,PASSED
"openBrowser(""https://demoblaze.com/"")",Chrome 142.0.7444.59,,,31-10-2025 15:25:28,31-10-2025 15:25:30,2.280s,PASSED
maximizeWindow(),Chrome 142.0.7444.59,,,31-10-2025 15:25:30,31-10-2025 15:25:30,0.096s,PASSED
"click(findTestObject(""LogIn_OR/Page_STORE/a_Cart_login2""))",Chrome 142.0.7444.59,,,31-10-2025 15:25:30,31-10-2025 15:25:32,1.834s,PASSED
"setText(findTestObject(""LogIn_OR/Page_STORE/input_Username_loginusername""), ""omar_test123"")",Chrome 142.0.7444.59,,,31-10-2025 15:25:32,31-10-2025 15:25:33,1.119s,PASSED
"setText(findTestObject(""LogIn_OR/Page_STORE/input_Password_loginpassword""), ""Test123"")",Chrome 142.0.7444.59,,,31-10-2025 15:25:33,31-10-2025 15:25:34,0.743s,PASSED
"click(findTestObject(""LogIn_OR/Page_STORE/button_Close_btn btn-primary""))",Chrome 142.0.7444.59,,,31-10-2025 15:25:34,31-10-2025 15:25:35,0.342s,PASSED
"verifyTextPresent(""Welcome omar_test123"", false)",Chrome 142.0.7444.59,,,31-10-2025 15:25:35,31-10-2025 15:25:36,1.812s,PASSED
"click(findTestObject(""ProductBrowsingAndDetails_OR/Page_STORE/Page_STORE/a_360_hrefch""))",Chrome 142.0.7444.59,,,31-10-2025 15:25:36,31-10-2025 15:25:37,1.049s,PASSED
"verifyTextPresent(""Nokia lumia 1520"", false)",Chrome 142.0.7444.59,,,31-10-2025 15:25:37,31-10-2025 15:25:38,0.982s,PASSED
"verifyTextPresent(""The Nokia Lumia 1520 is powered by 2.2GHz quad-core Qualcomm Snapdragon 800 processor and it comes with 2GB of RAM."", false)",Chrome 142.0.7444.59,,,31-10-2025 15:25:38,31-10-2025 15:25:39,0.323s,PASSED
closeBrowser(),Chrome 142.0.7444.59,,,31-10-2025 15:25:39,31-10-2025 15:25:39,0.322s,PASSED
,,,,,,,
Test Cases/ProductBrowsingAndDetails_TCs/TC_PD04,Chrome 142.0.7444.59,Verify all product images load,,31-10-2025 15:25:39,31-10-2025 15:25:48,8.970s,PASSED
"openBrowser(""https://demoblaze.com/"")",Chrome 142.0.7444.59,,,31-10-2025 15:25:39,31-10-2025 15:25:42,2.343s,PASSED
maximizeWindow(),Chrome 142.0.7444.59,,,31-10-2025 15:25:42,31-10-2025 15:25:42,0.169s,PASSED
waitForPageLoad(10),Chrome 142.0.7444.59,,,31-10-2025 15:25:42,31-10-2025 15:25:42,0.143s,PASSED
delay(2),Chrome 142.0.7444.59,,,31-10-2025 15:25:42,31-10-2025 15:25:44,2.011s,PASSED
"productImages = findTestObject(""Object Repository/ProductBrowsingAndDetails_OR/product_images"")",Chrome 142.0.7444.59,,,31-10-2025 15:25:44,31-10-2025 15:25:44,0.011s,PASSED
"waitForElementVisible(productImages, 10)",Chrome 142.0.7444.59,,,31-10-2025 15:25:44,31-10-2025 15:25:44,0.300s,PASSED
"allImages = findWebElements(productImages, 10)",Chrome 142.0.7444.59,,,31-10-2025 15:25:44,31-10-2025 15:25:44,0.273s,PASSED
logInfo(🖼️ Found $allImages.size() product images on the page),Chrome 142.0.7444.59,,,31-10-2025 15:25:44,31-10-2025 15:25:44,0.003s,PASSED
brokenCount = 0,Chrome 142.0.7444.59,,,31-10-2025 15:25:44,31-10-2025 15:25:44,0.001s,PASSED
for (org.openqa.selenium.WebElement img : allImages),Chrome 142.0.7444.59,,,31-10-2025 15:25:44,31-10-2025 15:25:48,3.187s,PASSED
if (brokenCount > 0),Chrome 142.0.7444.59,,,31-10-2025 15:25:48,31-10-2025 15:25:48,0.001s,PASSED
else,Chrome 142.0.7444.59,,,31-10-2025 15:25:48,31-10-2025 15:25:48,0.003s,PASSED
closeBrowser(),Chrome 142.0.7444.59,,,31-10-2025 15:25:48,31-10-2025 15:25:48,0.337s,PASSED
