Suite/Test/Step Name,Browser,Description,Tag,Start time,End time,Duration,Status
SignUp_TS,Chrome 142.0.7444.59,,,31-10-2025 15:22:59,31-10-2025 15:24:08,1m - 9.367s,FAILED
,,,,,,,
Test Cases/SignUp_TCs/TC_SU01,Chrome 142.0.7444.59,Verify user can sign up with valid credentials,,31-10-2025 15:23:00,31-10-2025 15:23:09,9.709s,PASSED
"openBrowser(""https://demoblaze.com/"")",Chrome 142.0.7444.59,,,31-10-2025 15:23:00,31-10-2025 15:23:04,4.195s,PASSED
"click(findTestObject(""SignUp_OR/Page_STORE/a_Cart_signin2""))",Chrome 142.0.7444.59,,,31-10-2025 15:23:04,31-10-2025 15:23:06,1.430s,PASSED
"randomUsername = ""Omar_test"" + System.currentTimeMillis()",Chrome 142.0.7444.59,,,31-10-2025 15:23:06,31-10-2025 15:23:06,0.024s,PASSED
"setText(findTestObject(""SignUp_OR/Page_STORE/input_Username_sign-username""), randomUsername)",Chrome 142.0.7444.59,,,31-10-2025 15:23:06,31-10-2025 15:23:07,0.999s,PASSED
"setText(findTestObject(""SignUp_OR/Page_STORE/input_Password_sign-password""), ""Test123"")",Chrome 142.0.7444.59,,,31-10-2025 15:23:07,31-10-2025 15:23:08,0.746s,PASSED
"click(findTestObject(""SignUp_OR/Page_STORE/button_Close_btn btn-primary""))",Chrome 142.0.7444.59,,,31-10-2025 15:23:08,31-10-2025 15:23:08,0.448s,PASSED
waitForAlert(5),Chrome 142.0.7444.59,,,31-10-2025 15:23:08,31-10-2025 15:23:09,0.594s,PASSED
Alert = getAlertText(),Chrome 142.0.7444.59,,,31-10-2025 15:23:09,31-10-2025 15:23:09,0.072s,PASSED
"if (Alert == ""Sign up successful."")",Chrome 142.0.7444.59,,,31-10-2025 15:23:09,31-10-2025 15:23:09,0.092s,PASSED
acceptAlert(),Chrome 142.0.7444.59,,,31-10-2025 15:23:09,31-10-2025 15:23:09,0.047s,PASSED
closeBrowser(),Chrome 142.0.7444.59,,,31-10-2025 15:23:09,31-10-2025 15:23:09,0.445s,PASSED
,,,,,,,
Test Cases/SignUp_TCs/TC_SU02,Chrome 142.0.7444.59,sign up with empty username and valid password,,31-10-2025 15:23:09,31-10-2025 15:23:16,6.475s,PASSED
"openBrowser(""https://demoblaze.com/"")",Chrome 142.0.7444.59,,,31-10-2025 15:23:09,31-10-2025 15:23:12,2.493s,PASSED
"click(findTestObject(""SignUp_OR/Page_STORE/a_Cart_signin2""))",Chrome 142.0.7444.59,,,31-10-2025 15:23:12,31-10-2025 15:23:14,1.936s,PASSED
"setText(findTestObject(""SignUp_OR/Page_STORE/input_Password_sign-password""), ""Test123"")",Chrome 142.0.7444.59,,,31-10-2025 15:23:14,31-10-2025 15:23:15,1.017s,PASSED
"click(findTestObject(""SignUp_OR/Page_STORE/button_Close_btn btn-primary""))",Chrome 142.0.7444.59,,,31-10-2025 15:23:15,31-10-2025 15:23:15,0.410s,PASSED
waitForAlert(5),Chrome 142.0.7444.59,,,31-10-2025 15:23:15,31-10-2025 15:23:15,0.050s,PASSED
Alert = getAlertText(),Chrome 142.0.7444.59,,,31-10-2025 15:23:15,31-10-2025 15:23:15,0.019s,PASSED
"if (Alert == ""Please fill out Username and Password."")",Chrome 142.0.7444.59,,,31-10-2025 15:23:15,31-10-2025 15:23:15,0.007s,PASSED
acceptAlert(),Chrome 142.0.7444.59,,,31-10-2025 15:23:15,31-10-2025 15:23:15,0.027s,PASSED
closeBrowser(),Chrome 142.0.7444.59,,,31-10-2025 15:23:15,31-10-2025 15:23:16,0.404s,PASSED
,,,,,,,
Test Cases/SignUp_TCs/TC_SU03,Chrome 142.0.7444.59,sign up with repeated username and valid password,,31-10-2025 15:23:16,31-10-2025 15:23:23,7.267s,PASSED
"openBrowser(""https://demoblaze.com/"")",Chrome 142.0.7444.59,,,31-10-2025 15:23:16,31-10-2025 15:23:18,2.309s,PASSED
"click(findTestObject(""SignUp_OR/Page_STORE/a_Cart_signin2""))",Chrome 142.0.7444.59,,,31-10-2025 15:23:18,31-10-2025 15:23:20,1.532s,PASSED
"setText(findTestObject(""SignUp_OR/Page_STORE/input_Username_sign-username""), ""omar_test123"")",Chrome 142.0.7444.59,,,31-10-2025 15:23:20,31-10-2025 15:23:21,1.049s,PASSED
"setText(findTestObject(""SignUp_OR/Page_STORE/input_Password_sign-password""), ""Test123"")",Chrome 142.0.7444.59,,,31-10-2025 15:23:21,31-10-2025 15:23:22,0.801s,PASSED
"click(findTestObject(""SignUp_OR/Page_STORE/button_Close_btn btn-primary""))",Chrome 142.0.7444.59,,,31-10-2025 15:23:22,31-10-2025 15:23:22,0.411s,PASSED
waitForAlert(5),Chrome 142.0.7444.59,,,31-10-2025 15:23:22,31-10-2025 15:23:23,0.539s,PASSED
Alert = getAlertText(),Chrome 142.0.7444.59,,,31-10-2025 15:23:23,31-10-2025 15:23:23,0.026s,PASSED
"if (Alert == ""This user already exist."")",Chrome 142.0.7444.59,,,31-10-2025 15:23:23,31-10-2025 15:23:23,0.036s,PASSED
acceptAlert(),Chrome 142.0.7444.59,,,31-10-2025 15:23:23,31-10-2025 15:23:23,0.077s,PASSED
closeBrowser(),Chrome 142.0.7444.59,,,31-10-2025 15:23:23,31-10-2025 15:23:23,0.394s,PASSED
,,,,,,,
Test Cases/SignUp_TCs/TC_SU04,Chrome 142.0.7444.59,sign up with valid username and invalid password,,31-10-2025 15:23:40,31-10-2025 15:23:47,7.372s,FAILED
"openBrowser(""https://demoblaze.com/"")",Chrome 142.0.7444.59,,,31-10-2025 15:23:40,31-10-2025 15:23:42,2.274s,PASSED
"click(findTestObject(""SignUp_OR/Page_STORE/a_Cart_signin2""))",Chrome 142.0.7444.59,,,31-10-2025 15:23:42,31-10-2025 15:23:44,1.843s,PASSED
"randomUsername = ""Omar_test"" + System.currentTimeMillis()",Chrome 142.0.7444.59,,,31-10-2025 15:23:44,31-10-2025 15:23:44,0.001s,PASSED
"setText(findTestObject(""SignUp_OR/Page_STORE/input_Username_sign-username""), randomUsername)",Chrome 142.0.7444.59,,,31-10-2025 15:23:44,31-10-2025 15:23:45,1.105s,PASSED
"setText(findTestObject(""SignUp_OR/Page_STORE/input_Password_sign-password""), ""1"")",Chrome 142.0.7444.59,,,31-10-2025 15:23:45,31-10-2025 15:23:46,0.746s,PASSED
"click(findTestObject(""SignUp_OR/Page_STORE/button_Close_btn btn-primary""))",Chrome 142.0.7444.59,,,31-10-2025 15:23:46,31-10-2025 15:23:46,0.388s,PASSED
waitForAlert(5),Chrome 142.0.7444.59,,,31-10-2025 15:23:46,31-10-2025 15:23:47,0.543s,PASSED
Alert = getAlertText(),Chrome 142.0.7444.59,,,31-10-2025 15:23:47,31-10-2025 15:23:47,0.012s,PASSED
"if (Alert == ""Sign up successful."")",Chrome 142.0.7444.59,,,31-10-2025 15:23:47,31-10-2025 15:23:47,0.004s,FAILED
acceptAlert(),Chrome 142.0.7444.59,,,31-10-2025 15:23:47,31-10-2025 15:23:47,0.037s,PASSED
closeBrowser(),Chrome 142.0.7444.59,,,31-10-2025 15:23:47,31-10-2025 15:23:47,0.389s,PASSED
,,,,,,,
Test Cases/SignUp_TCs/TC_SU05,Chrome 142.0.7444.59,sign up with invalid username and valid password,,31-10-2025 15:24:01,31-10-2025 15:24:08,6.990s,FAILED
"openBrowser(""https://demoblaze.com/"")",Chrome 142.0.7444.59,,,31-10-2025 15:24:01,31-10-2025 15:24:03,2.184s,PASSED
"click(findTestObject(""SignUp_OR/Page_STORE/a_Cart_signin2""))",Chrome 142.0.7444.59,,,31-10-2025 15:24:03,31-10-2025 15:24:05,1.798s,PASSED
"specialChars = ""!@#$%^&*()_+=?><""",Chrome 142.0.7444.59,,,31-10-2025 15:24:05,31-10-2025 15:24:05,0.001s,PASSED
"randomInvalidUsername = ""o"" + specialChars.charAt(Random().nextInt(specialChars.length())) + specialChars.charAt(Random().nextInt(specialChars.length()))",Chrome 142.0.7444.59,,,31-10-2025 15:24:05,31-10-2025 15:24:05,0.001s,PASSED
"setText(findTestObject(""SignUp_OR/Page_STORE/input_Username_sign-username""), randomInvalidUsername)",Chrome 142.0.7444.59,,,31-10-2025 15:24:05,31-10-2025 15:24:06,0.991s,PASSED
"setText(findTestObject(""SignUp_OR/Page_STORE/input_Password_sign-password""), ""Test123"")",Chrome 142.0.7444.59,,,31-10-2025 15:24:06,31-10-2025 15:24:07,0.749s,PASSED
"click(findTestObject(""SignUp_OR/Page_STORE/button_Close_btn btn-primary""))",Chrome 142.0.7444.59,,,31-10-2025 15:24:07,31-10-2025 15:24:07,0.351s,PASSED
waitForAlert(5),Chrome 142.0.7444.59,,,31-10-2025 15:24:07,31-10-2025 15:24:08,0.533s,PASSED
Alert = getAlertText(),Chrome 142.0.7444.59,,,31-10-2025 15:24:08,31-10-2025 15:24:08,0.012s,PASSED
"if (Alert.contains(""successful""))",Chrome 142.0.7444.59,,,31-10-2025 15:24:08,31-10-2025 15:24:08,0.003s,FAILED
acceptAlert(),Chrome 142.0.7444.59,,,31-10-2025 15:24:08,31-10-2025 15:24:08,0.013s,PASSED
closeBrowser(),Chrome 142.0.7444.59,,,31-10-2025 15:24:08,31-10-2025 15:24:08,0.319s,PASSED
