Suite/Test/Step Name,Browser,Description,Tag,Start time,End time,Duration,Status
AboutUs_TS,Chrome 142.0.7444.59,,,31-10-2025 15:35:19,31-10-2025 15:35:50,31.206s,PASSED
,,,,,,,
Test Cases/AboutUs_TCs/TC_AU01,Chrome 142.0.7444.59,Verify About us opens,,31-10-2025 15:35:20,31-10-2025 15:35:28,7.860s,PASSED
"openBrowser(""https://www.demoblaze.com/"")",Chrome 142.0.7444.59,,,31-10-2025 15:35:20,31-10-2025 15:35:25,4.512s,PASSED
"click(findTestObject(""AboutUs_OR/Page_STORE/AboutUS""))",Chrome 142.0.7444.59,,,31-10-2025 15:35:25,31-10-2025 15:35:26,1.727s,PASSED
"verifyElementVisible(findTestObject(""AboutUs_OR/Page_STORE/div_About us_vjs-poster""))",Chrome 142.0.7444.59,,,31-10-2025 15:35:26,31-10-2025 15:35:27,0.844s,PASSED
closeBrowser(),Chrome 142.0.7444.59,,,31-10-2025 15:35:27,31-10-2025 15:35:28,0.331s,PASSED
,,,,,,,
Test Cases/AboutUs_TCs/TC_AU02,Chrome 142.0.7444.59,,,31-10-2025 15:35:28,31-10-2025 15:35:44,16.540s,PASSED
"openBrowser(""https://www.demoblaze.com/"")",Chrome 142.0.7444.59,,,31-10-2025 15:35:28,31-10-2025 15:35:30,2.199s,PASSED
"click(findTestObject(""AboutUs_OR/Page_STORE/AboutUS""))",Chrome 142.0.7444.59,,,31-10-2025 15:35:30,31-10-2025 15:35:31,1.471s,PASSED
"click(findTestObject(""AboutUs_OR/Page_STORE/div_About us_vjs-poster""))",Chrome 142.0.7444.59,,,31-10-2025 15:35:31,31-10-2025 15:35:32,0.843s,PASSED
"isPlaying = verifyElementVisible(findTestObject(""Object Repository/AboutUs_OR/Page_STORE/Page_STORE/video_About us_example-video_html5_api""), OPTIONAL)",Chrome 142.0.7444.59,,,31-10-2025 15:35:32,31-10-2025 15:35:44,11.548s,PASSED
if (isPlaying),Chrome 142.0.7444.59,,,31-10-2025 15:35:44,31-10-2025 15:35:44,0.016s,PASSED
closeBrowser(),Chrome 142.0.7444.59,,,31-10-2025 15:35:44,31-10-2025 15:35:44,0.321s,PASSED
,,,,,,,
Test Cases/AboutUs_TCs/TC_AU03,Chrome 142.0.7444.59,Verify About us close button works,,31-10-2025 15:35:44,31-10-2025 15:35:50,6.212s,PASSED
"openBrowser(""https://www.demoblaze.com/"")",Chrome 142.0.7444.59,,,31-10-2025 15:35:44,31-10-2025 15:35:46,2.259s,PASSED
maximizeWindow(),Chrome 142.0.7444.59,,,31-10-2025 15:35:46,31-10-2025 15:35:47,0.194s,PASSED
"click(findTestObject(""AboutUs_OR/Page_STORE/AboutUS""))",Chrome 142.0.7444.59,,,31-10-2025 15:35:47,31-10-2025 15:35:48,1.405s,PASSED
"waitForElementPresent(findTestObject(""Object Repository/AboutUs_OR/Page_STORE/div_About us_vjs-poster""), 3)",Chrome 142.0.7444.59,,,31-10-2025 15:35:48,31-10-2025 15:35:49,0.734s,PASSED
"click(findTestObject(""AboutUs_OR/Page_STORE/button_Close Modal Dialog_btn btn-secondary""))",Chrome 142.0.7444.59,,,31-10-2025 15:35:49,31-10-2025 15:35:49,0.388s,PASSED
"modalClosed = verifyElementNotVisible(findTestObject(""AboutUs_OR/Page_STORE/div_About us_vjs-poster""), OPTIONAL)",Chrome 142.0.7444.59,,,31-10-2025 15:35:49,31-10-2025 15:35:50,0.778s,PASSED
if (modalClosed),Chrome 142.0.7444.59,,,31-10-2025 15:35:50,31-10-2025 15:35:50,0.016s,PASSED
closeBrowser(),Chrome 142.0.7444.59,,,31-10-2025 15:35:50,31-10-2025 15:35:50,0.365s,PASSED
