Suite/Test/Step Name,Browser,Description,Tag,Start time,End time,Duration,Status
CartManagement_TS,Chrome 142.0.7444.59,,,31-10-2025 15:25:53,31-10-2025 15:29:03,3m - 10.082s,PASSED
,,,,,,,
Test Cases/CartManagement_TCs/TC_CM01,Chrome 142.0.7444.59,Verify single product can be added to cart,,31-10-2025 15:25:53,31-10-2025 15:26:07,14.086s,PASSED
"openBrowser(""https://demoblaze.com/"")",Chrome 142.0.7444.59,,,31-10-2025 15:25:54,31-10-2025 15:25:58,3.844s,PASSED
maximizeWindow(),Chrome 142.0.7444.59,,,31-10-2025 15:25:58,31-10-2025 15:25:58,0.114s,PASSED
"click(findTestObject(""LogIn_OR/Page_STORE/a_Cart_login2""))",Chrome 142.0.7444.59,,,31-10-2025 15:25:58,31-10-2025 15:25:59,1.636s,PASSED
"setText(findTestObject(""LogIn_OR/Page_STORE/input_Username_loginusername""), ""omar_test123"")",Chrome 142.0.7444.59,,,31-10-2025 15:25:59,31-10-2025 15:26:01,1.023s,PASSED
"setText(findTestObject(""LogIn_OR/Page_STORE/input_Password_loginpassword""), ""Test123"")",Chrome 142.0.7444.59,,,31-10-2025 15:26:01,31-10-2025 15:26:01,0.734s,PASSED
"click(findTestObject(""LogIn_OR/Page_STORE/button_Close_btn btn-primary""))",Chrome 142.0.7444.59,,,31-10-2025 15:26:01,31-10-2025 15:26:02,0.387s,PASSED
"verifyTextPresent(""Welcome omar_test123"", false)",Chrome 142.0.7444.59,,,31-10-2025 15:26:02,31-10-2025 15:26:04,2.016s,PASSED
"click(findTestObject(""ProductBrowsingAndDetails_OR/Page_STORE/Page_STORE/a_360_hrefch""))",Chrome 142.0.7444.59,,,31-10-2025 15:26:04,31-10-2025 15:26:05,0.970s,PASSED
"verifyTextPresent(""Nokia lumia 1520"", false)",Chrome 142.0.7444.59,,,31-10-2025 15:26:05,31-10-2025 15:26:06,0.896s,PASSED
"verifyTextPresent(""The Nokia Lumia 1520 is powered by 2.2GHz quad-core Qualcomm Snapdragon 800 processor and it comes with 2GB of RAM."", false)",Chrome 142.0.7444.59,,,31-10-2025 15:26:06,31-10-2025 15:26:06,0.322s,PASSED
"click(findTestObject(""Object Repository/CartManagement_OR/Page_STORE/a_Product description_btn btn-success btn-lg""))",Chrome 142.0.7444.59,,,31-10-2025 15:26:06,31-10-2025 15:26:06,0.456s,PASSED
waitForAlert(0),Chrome 142.0.7444.59,,,31-10-2025 15:26:06,31-10-2025 15:26:07,0.584s,PASSED
Alert = getAlertText(),Chrome 142.0.7444.59,,,31-10-2025 15:26:07,31-10-2025 15:26:07,0.032s,PASSED
"if (Alert == ""Product added."")",Chrome 142.0.7444.59,,,31-10-2025 15:26:07,31-10-2025 15:26:07,0.031s,PASSED
acceptAlert(),Chrome 142.0.7444.59,,,31-10-2025 15:26:07,31-10-2025 15:26:07,0.044s,PASSED
closeBrowser(),Chrome 142.0.7444.59,,,31-10-2025 15:26:07,31-10-2025 15:26:07,0.449s,PASSED
,,,,,,,
Test Cases/CartManagement_TCs/TC_CM02,Chrome 142.0.7444.59,Verify multiple products can be added,,31-10-2025 15:26:07,31-10-2025 15:26:28,20.173s,PASSED
"openBrowser(""https://demoblaze.com/"")",Chrome 142.0.7444.59,,,31-10-2025 15:26:08,31-10-2025 15:26:10,2.223s,PASSED
maximizeWindow(),Chrome 142.0.7444.59,,,31-10-2025 15:26:10,31-10-2025 15:26:10,0.168s,PASSED
"click(findTestObject(""LogIn_OR/Page_STORE/a_Cart_login2""))",Chrome 142.0.7444.59,,,31-10-2025 15:26:10,31-10-2025 15:26:12,1.635s,PASSED
"setText(findTestObject(""LogIn_OR/Page_STORE/input_Username_loginusername""), ""omar_test123"")",Chrome 142.0.7444.59,,,31-10-2025 15:26:12,31-10-2025 15:26:13,0.988s,PASSED
"setText(findTestObject(""LogIn_OR/Page_STORE/input_Password_loginpassword""), ""Test123"")",Chrome 142.0.7444.59,,,31-10-2025 15:26:13,31-10-2025 15:26:13,0.818s,PASSED
"click(findTestObject(""LogIn_OR/Page_STORE/button_Close_btn btn-primary""))",Chrome 142.0.7444.59,,,31-10-2025 15:26:13,31-10-2025 15:26:14,0.361s,PASSED
"verifyTextPresent(""Welcome omar_test123"", false)",Chrome 142.0.7444.59,,,31-10-2025 15:26:14,31-10-2025 15:26:16,1.773s,PASSED
"click(findTestObject(""ProductBrowsingAndDetails_OR/Page_STORE/Page_STORE/a_360_hrefch""))",Chrome 142.0.7444.59,,,31-10-2025 15:26:16,31-10-2025 15:26:16,0.928s,PASSED
"verifyTextPresent(""Nokia lumia 1520"", false)",Chrome 142.0.7444.59,,,31-10-2025 15:26:16,31-10-2025 15:26:18,1.132s,PASSED
"verifyTextPresent(""The Nokia Lumia 1520 is powered by 2.2GHz quad-core Qualcomm Snapdragon 800 processor and it comes with 2GB of RAM."", false)",Chrome 142.0.7444.59,,,31-10-2025 15:26:18,31-10-2025 15:26:18,0.277s,PASSED
"click(findTestObject(""Object Repository/CartManagement_OR/Page_STORE/a_Product description_btn btn-success btn-lg""))",Chrome 142.0.7444.59,,,31-10-2025 15:26:18,31-10-2025 15:26:18,0.428s,PASSED
waitForAlert(0),Chrome 142.0.7444.59,,,31-10-2025 15:26:18,31-10-2025 15:26:19,1.062s,PASSED
Alert1 = getAlertText(),Chrome 142.0.7444.59,,,31-10-2025 15:26:19,31-10-2025 15:26:19,0.008s,PASSED
"if (Alert1 == ""Product added."")",Chrome 142.0.7444.59,,,31-10-2025 15:26:19,31-10-2025 15:26:19,0.005s,PASSED
acceptAlert(),Chrome 142.0.7444.59,,,31-10-2025 15:26:19,31-10-2025 15:26:19,0.013s,PASSED
"click(findTestObject(""CartManagement_OR/Page_STORE/Page_STORE/Home""))",Chrome 142.0.7444.59,,,31-10-2025 15:26:19,31-10-2025 15:26:20,0.942s,PASSED
"click(findTestObject(""CartManagement_OR/Page_STORE/Page_STORE/Laptops""))",Chrome 142.0.7444.59,,,31-10-2025 15:26:20,31-10-2025 15:26:22,1.299s,PASSED
"click(findTestObject(""CartManagement_OR/Page_STORE/Page_STORE/Macbook pro""))",Chrome 142.0.7444.59,,,31-10-2025 15:26:22,31-10-2025 15:26:23,1.388s,PASSED
"click(findTestObject(""CartManagement_OR/Page_STORE/Page_STORE/Add to cart""))",Chrome 142.0.7444.59,,,31-10-2025 15:26:23,31-10-2025 15:26:24,1.080s,PASSED
waitForAlert(0),Chrome 142.0.7444.59,,,31-10-2025 15:26:24,31-10-2025 15:26:25,0.549s,PASSED
Alert2 = getAlertText(),Chrome 142.0.7444.59,,,31-10-2025 15:26:25,31-10-2025 15:26:25,0.019s,PASSED
"if (Alert2 == ""Product added."")",Chrome 142.0.7444.59,,,31-10-2025 15:26:25,31-10-2025 15:26:25,0.014s,PASSED
acceptAlert(),Chrome 142.0.7444.59,,,31-10-2025 15:26:25,31-10-2025 15:26:25,0.023s,PASSED
"click(findTestObject(""CartManagement_OR/Page_STORE/Page_STORE/cart""))",Chrome 142.0.7444.59,,,31-10-2025 15:26:25,31-10-2025 15:26:26,0.874s,PASSED
"verifyTextPresent(""Nokia lumia 1520"", false)",Chrome 142.0.7444.59,,,31-10-2025 15:26:26,31-10-2025 15:26:27,1.389s,PASSED
"verifyTextPresent(""MacBook Pro"", false)",Chrome 142.0.7444.59,,,31-10-2025 15:26:27,31-10-2025 15:26:27,0.308s,PASSED
closeBrowser(),Chrome 142.0.7444.59,,,31-10-2025 15:26:27,31-10-2025 15:26:28,0.351s,PASSED
,,,,,,,
Test Cases/CartManagement_TCs/TC_CM03,Chrome 142.0.7444.59,Verify total price calculation,,31-10-2025 15:26:28,31-10-2025 15:26:50,22.477s,PASSED
"openBrowser(""https://demoblaze.com/"")",Chrome 142.0.7444.59,,,31-10-2025 15:26:28,31-10-2025 15:26:30,2.131s,PASSED
maximizeWindow(),Chrome 142.0.7444.59,,,31-10-2025 15:26:30,31-10-2025 15:26:30,0.128s,PASSED
"click(findTestObject(""LogIn_OR/Page_STORE/a_Cart_login2""))",Chrome 142.0.7444.59,,,31-10-2025 15:26:30,31-10-2025 15:26:32,1.861s,PASSED
"setText(findTestObject(""LogIn_OR/Page_STORE/input_Username_loginusername""), ""omar_test123"")",Chrome 142.0.7444.59,,,31-10-2025 15:26:32,31-10-2025 15:26:33,0.995s,PASSED
"setText(findTestObject(""LogIn_OR/Page_STORE/input_Password_loginpassword""), ""Test123"")",Chrome 142.0.7444.59,,,31-10-2025 15:26:33,31-10-2025 15:26:34,0.874s,PASSED
"click(findTestObject(""LogIn_OR/Page_STORE/button_Close_btn btn-primary""))",Chrome 142.0.7444.59,,,31-10-2025 15:26:34,31-10-2025 15:26:34,0.384s,PASSED
"verifyTextPresent(""Welcome omar_test123"", false)",Chrome 142.0.7444.59,,,31-10-2025 15:26:34,31-10-2025 15:26:36,2.095s,PASSED
"click(findTestObject(""ProductBrowsingAndDetails_OR/Page_STORE/Page_STORE/a_360_hrefch""))",Chrome 142.0.7444.59,,,31-10-2025 15:26:36,31-10-2025 15:26:37,0.969s,PASSED
"verifyTextPresent(""Nokia lumia 1520"", false)",Chrome 142.0.7444.59,,,31-10-2025 15:26:37,31-10-2025 15:26:38,0.896s,PASSED
"verifyTextPresent(""The Nokia Lumia 1520 is powered by 2.2GHz quad-core Qualcomm Snapdragon 800 processor and it comes with 2GB of RAM."", false)",Chrome 142.0.7444.59,,,31-10-2025 15:26:38,31-10-2025 15:26:39,0.327s,PASSED
"click(findTestObject(""Object Repository/CartManagement_OR/Page_STORE/a_Product description_btn btn-success btn-lg""))",Chrome 142.0.7444.59,,,31-10-2025 15:26:39,31-10-2025 15:26:39,0.432s,PASSED
waitForAlert(0),Chrome 142.0.7444.59,,,31-10-2025 15:26:39,31-10-2025 15:26:40,0.555s,PASSED
Alert1 = getAlertText(),Chrome 142.0.7444.59,,,31-10-2025 15:26:40,31-10-2025 15:26:40,0.027s,PASSED
"if (Alert1 == ""Product added."")",Chrome 142.0.7444.59,,,31-10-2025 15:26:40,31-10-2025 15:26:40,0.015s,PASSED
acceptAlert(),Chrome 142.0.7444.59,,,31-10-2025 15:26:40,31-10-2025 15:26:40,0.035s,PASSED
"click(findTestObject(""CartManagement_OR/Page_STORE/Page_STORE/Home""))",Chrome 142.0.7444.59,,,31-10-2025 15:26:40,31-10-2025 15:26:41,0.981s,PASSED
"click(findTestObject(""CartManagement_OR/Page_STORE/Page_STORE/Laptops""))",Chrome 142.0.7444.59,,,31-10-2025 15:26:41,31-10-2025 15:26:42,1.294s,PASSED
"click(findTestObject(""CartManagement_OR/Page_STORE/Page_STORE/Macbook pro""))",Chrome 142.0.7444.59,,,31-10-2025 15:26:42,31-10-2025 15:26:43,1.504s,PASSED
"click(findTestObject(""CartManagement_OR/Page_STORE/Page_STORE/Add to cart""))",Chrome 142.0.7444.59,,,31-10-2025 15:26:43,31-10-2025 15:26:44,1.028s,PASSED
waitForAlert(0),Chrome 142.0.7444.59,,,31-10-2025 15:26:44,31-10-2025 15:26:45,0.535s,PASSED
Alert2 = getAlertText(),Chrome 142.0.7444.59,,,31-10-2025 15:26:45,31-10-2025 15:26:45,0.009s,PASSED
"if (Alert2 == ""Product added."")",Chrome 142.0.7444.59,,,31-10-2025 15:26:45,31-10-2025 15:26:45,0.017s,PASSED
acceptAlert(),Chrome 142.0.7444.59,,,31-10-2025 15:26:45,31-10-2025 15:26:45,0.016s,PASSED
"click(findTestObject(""CartManagement_OR/Page_STORE/Page_STORE/cart""))",Chrome 142.0.7444.59,,,31-10-2025 15:26:45,31-10-2025 15:26:46,1.003s,PASSED
"verifyTextPresent(""Nokia lumia 1520"", false)",Chrome 142.0.7444.59,,,31-10-2025 15:26:46,31-10-2025 15:26:47,1.305s,PASSED
"verifyTextPresent(""MacBook Pro"", false)",Chrome 142.0.7444.59,,,31-10-2025 15:26:47,31-10-2025 15:26:48,0.286s,PASSED
productRows = new com.kms.katalon.core.testobject.TestObject(),Chrome 142.0.7444.59,,,31-10-2025 15:26:48,31-10-2025 15:26:48,0.007s,PASSED
"productRows.addProperty(""xpath"", EQUALS, ""//div[6]//table/tbody/tr"")",Chrome 142.0.7444.59,,,31-10-2025 15:26:48,31-10-2025 15:26:48,0.007s,PASSED
"allProducts = findWebElements(productRows, 10)",Chrome 142.0.7444.59,,,31-10-2025 15:26:48,31-10-2025 15:26:48,0.269s,PASSED
totalProducts = allProducts.size(),Chrome 142.0.7444.59,,,31-10-2025 15:26:48,31-10-2025 15:26:48,0.002s,PASSED
"println(""Total number of products in cart: "" + totalProducts)",Chrome 142.0.7444.59,,,31-10-2025 15:26:48,31-10-2025 15:26:48,0.005s,PASSED
calculatedTotal = 0,Chrome 142.0.7444.59,,,31-10-2025 15:26:48,31-10-2025 15:26:48,0.002s,PASSED
"for ([i = 1, i <= totalProducts, (i++)])",Chrome 142.0.7444.59,,,31-10-2025 15:26:48,31-10-2025 15:26:49,1.543s,PASSED
"priceText2 = getText(findTestObject(""Object Repository/CartManagement_OR/Page_STORE/Page_STORE/Total"")).replaceAll(""[^0-9.]"", """")",Chrome 142.0.7444.59,,,31-10-2025 15:26:49,31-10-2025 15:26:50,0.293s,PASSED
Realprice = Double.parseDouble(priceText2),Chrome 142.0.7444.59,,,31-10-2025 15:26:50,31-10-2025 15:26:50,0.002s,PASSED
if (calculatedTotal == Realprice),Chrome 142.0.7444.59,,,31-10-2025 15:26:50,31-10-2025 15:26:50,0.004s,PASSED
closeBrowser(),Chrome 142.0.7444.59,,,31-10-2025 15:26:50,31-10-2025 15:26:50,0.356s,PASSED
,,,,,,,
Test Cases/CartManagement_TCs/TC_CM04,Chrome 142.0.7444.59,Verify product remains after page refresh,,31-10-2025 15:26:50,31-10-2025 15:27:23,33.315s,PASSED
"openBrowser(""https://demoblaze.com/"")",Chrome 142.0.7444.59,,,31-10-2025 15:26:50,31-10-2025 15:26:52,2.116s,PASSED
maximizeWindow(),Chrome 142.0.7444.59,,,31-10-2025 15:26:52,31-10-2025 15:26:53,0.096s,PASSED
"click(findTestObject(""LogIn_OR/Page_STORE/a_Cart_login2""))",Chrome 142.0.7444.59,,,31-10-2025 15:26:53,31-10-2025 15:26:54,1.890s,PASSED
"setText(findTestObject(""LogIn_OR/Page_STORE/input_Username_loginusername""), ""omar_test123"")",Chrome 142.0.7444.59,,,31-10-2025 15:26:54,31-10-2025 15:26:55,0.959s,PASSED
"setText(findTestObject(""LogIn_OR/Page_STORE/input_Password_loginpassword""), ""Test123"")",Chrome 142.0.7444.59,,,31-10-2025 15:26:55,31-10-2025 15:26:56,0.690s,PASSED
"click(findTestObject(""LogIn_OR/Page_STORE/button_Close_btn btn-primary""))",Chrome 142.0.7444.59,,,31-10-2025 15:26:56,31-10-2025 15:26:57,0.394s,PASSED
"verifyTextPresent(""Welcome omar_test123"", false)",Chrome 142.0.7444.59,,,31-10-2025 15:26:57,31-10-2025 15:26:58,1.595s,PASSED
"click(findTestObject(""ProductBrowsingAndDetails_OR/Page_STORE/Page_STORE/a_360_hrefch""))",Chrome 142.0.7444.59,,,31-10-2025 15:26:58,31-10-2025 15:26:59,0.975s,PASSED
"verifyTextPresent(""Nokia lumia 1520"", false)",Chrome 142.0.7444.59,,,31-10-2025 15:26:59,31-10-2025 15:27:00,0.907s,PASSED
"verifyTextPresent(""The Nokia Lumia 1520 is powered by 2.2GHz quad-core Qualcomm Snapdragon 800 processor and it comes with 2GB of RAM."", false)",Chrome 142.0.7444.59,,,31-10-2025 15:27:00,31-10-2025 15:27:00,0.335s,PASSED
"click(findTestObject(""Object Repository/CartManagement_OR/Page_STORE/a_Product description_btn btn-success btn-lg""))",Chrome 142.0.7444.59,,,31-10-2025 15:27:00,31-10-2025 15:27:01,0.398s,PASSED
waitForAlert(0),Chrome 142.0.7444.59,,,31-10-2025 15:27:01,31-10-2025 15:27:01,0.548s,PASSED
Alert1 = getAlertText(),Chrome 142.0.7444.59,,,31-10-2025 15:27:01,31-10-2025 15:27:01,0.015s,PASSED
"if (Alert1 == ""Product added."")",Chrome 142.0.7444.59,,,31-10-2025 15:27:01,31-10-2025 15:27:01,0.012s,PASSED
acceptAlert(),Chrome 142.0.7444.59,,,31-10-2025 15:27:01,31-10-2025 15:27:01,0.020s,PASSED
"click(findTestObject(""CartManagement_OR/Page_STORE/Page_STORE/Home""))",Chrome 142.0.7444.59,,,31-10-2025 15:27:01,31-10-2025 15:27:02,0.785s,PASSED
"click(findTestObject(""CartManagement_OR/Page_STORE/Page_STORE/Laptops""))",Chrome 142.0.7444.59,,,31-10-2025 15:27:02,31-10-2025 15:27:03,0.957s,PASSED
"click(findTestObject(""CartManagement_OR/Page_STORE/Page_STORE/Macbook pro""))",Chrome 142.0.7444.59,,,31-10-2025 15:27:03,31-10-2025 15:27:05,1.668s,PASSED
"click(findTestObject(""CartManagement_OR/Page_STORE/Page_STORE/Add to cart""))",Chrome 142.0.7444.59,,,31-10-2025 15:27:05,31-10-2025 15:27:06,1.423s,PASSED
waitForAlert(0),Chrome 142.0.7444.59,,,31-10-2025 15:27:06,31-10-2025 15:27:07,1.045s,PASSED
Alert2 = getAlertText(),Chrome 142.0.7444.59,,,31-10-2025 15:27:07,31-10-2025 15:27:07,0.006s,PASSED
"if (Alert2 == ""Product added."")",Chrome 142.0.7444.59,,,31-10-2025 15:27:07,31-10-2025 15:27:07,0.004s,PASSED
acceptAlert(),Chrome 142.0.7444.59,,,31-10-2025 15:27:07,31-10-2025 15:27:07,0.009s,PASSED
"click(findTestObject(""CartManagement_OR/Page_STORE/Page_STORE/cart""))",Chrome 142.0.7444.59,,,31-10-2025 15:27:07,31-10-2025 15:27:08,0.890s,PASSED
waitForPageLoad(10),Chrome 142.0.7444.59,,,31-10-2025 15:27:08,31-10-2025 15:27:08,0.120s,PASSED
"verifyTextPresent(""Nokia lumia 1520"", false)",Chrome 142.0.7444.59,,,31-10-2025 15:27:08,31-10-2025 15:27:10,1.261s,PASSED
"verifyTextPresent(""MacBook Pro"", false)",Chrome 142.0.7444.59,,,31-10-2025 15:27:10,31-10-2025 15:27:10,0.266s,PASSED
productRows = new com.kms.katalon.core.testobject.TestObject(),Chrome 142.0.7444.59,,,31-10-2025 15:27:10,31-10-2025 15:27:10,0.003s,PASSED
"productRows.addProperty(""xpath"", EQUALS, ""//div[6]//table/tbody/tr"")",Chrome 142.0.7444.59,,,31-10-2025 15:27:10,31-10-2025 15:27:10,0.002s,PASSED
"allProducts = findWebElements(productRows, 10)",Chrome 142.0.7444.59,,,31-10-2025 15:27:10,31-10-2025 15:27:10,0.278s,PASSED
totalProducts = allProducts.size(),Chrome 142.0.7444.59,,,31-10-2025 15:27:10,31-10-2025 15:27:10,0.002s,PASSED
"println(""Total number of products in cart: "" + totalProducts)",Chrome 142.0.7444.59,,,31-10-2025 15:27:10,31-10-2025 15:27:10,0.002s,PASSED
calculatedTotal = 0,Chrome 142.0.7444.59,,,31-10-2025 15:27:10,31-10-2025 15:27:10,0.001s,PASSED
"for ([i = 1, i <= totalProducts, (i++)])",Chrome 142.0.7444.59,,,31-10-2025 15:27:10,31-10-2025 15:27:12,1.979s,PASSED
"priceText2 = getText(findTestObject(""Object Repository/CartManagement_OR/Page_STORE/Page_STORE/Total"")).replaceAll(""[^0-9.]"", """")",Chrome 142.0.7444.59,,,31-10-2025 15:27:12,31-10-2025 15:27:12,0.266s,PASSED
realPrice = Double.parseDouble(priceText2),Chrome 142.0.7444.59,,,31-10-2025 15:27:12,31-10-2025 15:27:12,0.002s,PASSED
if (calculatedTotal == realPrice),Chrome 142.0.7444.59,,,31-10-2025 15:27:12,31-10-2025 15:27:12,0.004s,PASSED
productNamesBefore = [],Chrome 142.0.7444.59,,,31-10-2025 15:27:12,31-10-2025 15:27:12,0.001s,PASSED
productPricesBefore = [],Chrome 142.0.7444.59,,,31-10-2025 15:27:12,31-10-2025 15:27:12,0.001s,PASSED
"for ([i = 1, i <= totalProducts, (i++)])",Chrome 142.0.7444.59,,,31-10-2025 15:27:12,31-10-2025 15:27:16,4.118s,PASSED
"println(""🛒 Products before refresh: "" + productNamesBefore)",Chrome 142.0.7444.59,,,31-10-2025 15:27:16,31-10-2025 15:27:16,0.003s,PASSED
"println(""💰 Prices before refresh: "" + productPricesBefore)",Chrome 142.0.7444.59,,,31-10-2025 15:27:16,31-10-2025 15:27:16,0.002s,PASSED
refresh(),Chrome 142.0.7444.59,,,31-10-2025 15:27:16,31-10-2025 15:27:17,0.724s,PASSED
waitForPageLoad(10),Chrome 142.0.7444.59,,,31-10-2025 15:27:17,31-10-2025 15:27:17,0.018s,PASSED
"refreshedProducts = findWebElements(productRows, 10)",Chrome 142.0.7444.59,,,31-10-2025 15:27:17,31-10-2025 15:27:19,1.769s,PASSED
totalProductsAfter = refreshedProducts.size(),Chrome 142.0.7444.59,,,31-10-2025 15:27:19,31-10-2025 15:27:19,0.002s,PASSED
"println(""Total products after refresh: "" + totalProductsAfter)",Chrome 142.0.7444.59,,,31-10-2025 15:27:19,31-10-2025 15:27:19,0.002s,PASSED
productNamesAfter = [],Chrome 142.0.7444.59,,,31-10-2025 15:27:19,31-10-2025 15:27:19,0.002s,PASSED
productPricesAfter = [],Chrome 142.0.7444.59,,,31-10-2025 15:27:19,31-10-2025 15:27:19,0.001s,PASSED
"for ([i = 1, i <= totalProductsAfter, (i++)])",Chrome 142.0.7444.59,,,31-10-2025 15:27:19,31-10-2025 15:27:23,4.131s,PASSED
"println(""🔄 Products after refresh: "" + productNamesAfter)",Chrome 142.0.7444.59,,,31-10-2025 15:27:23,31-10-2025 15:27:23,0.002s,PASSED
"println(""💰 Prices after refresh: "" + productPricesAfter)",Chrome 142.0.7444.59,,,31-10-2025 15:27:23,31-10-2025 15:27:23,0.003s,PASSED
beforeSet = new java.util.HashSet(productNamesBefore),Chrome 142.0.7444.59,,,31-10-2025 15:27:23,31-10-2025 15:27:23,0.008s,PASSED
afterSet = new java.util.HashSet(productNamesAfter),Chrome 142.0.7444.59,,,31-10-2025 15:27:23,31-10-2025 15:27:23,0.001s,PASSED
if (beforeSet == afterSet),Chrome 142.0.7444.59,,,31-10-2025 15:27:23,31-10-2025 15:27:23,0.004s,PASSED
closeBrowser(),Chrome 142.0.7444.59,,,31-10-2025 15:27:23,31-10-2025 15:27:23,0.340s,PASSED
,,,,,,,
Test Cases/CartManagement_TCs/TC_CM05,Chrome 142.0.7444.59,Verify removing product updates total,,31-10-2025 15:27:23,31-10-2025 15:27:57,33.964s,PASSED
"openBrowser(""https://demoblaze.com/"")",Chrome 142.0.7444.59,,,31-10-2025 15:27:24,31-10-2025 15:27:26,2.259s,PASSED
maximizeWindow(),Chrome 142.0.7444.59,,,31-10-2025 15:27:26,31-10-2025 15:27:26,0.098s,PASSED
"click(findTestObject(""LogIn_OR/Page_STORE/a_Cart_login2""))",Chrome 142.0.7444.59,,,31-10-2025 15:27:26,31-10-2025 15:27:28,1.848s,PASSED
"setText(findTestObject(""LogIn_OR/Page_STORE/input_Username_loginusername""), ""omar_test123"")",Chrome 142.0.7444.59,,,31-10-2025 15:27:28,31-10-2025 15:27:29,1.048s,PASSED
"setText(findTestObject(""LogIn_OR/Page_STORE/input_Password_loginpassword""), ""Test123"")",Chrome 142.0.7444.59,,,31-10-2025 15:27:29,31-10-2025 15:27:30,0.751s,PASSED
"click(findTestObject(""LogIn_OR/Page_STORE/button_Close_btn btn-primary""))",Chrome 142.0.7444.59,,,31-10-2025 15:27:30,31-10-2025 15:27:30,0.391s,PASSED
"verifyTextPresent(""Welcome omar_test123"", false)",Chrome 142.0.7444.59,,,31-10-2025 15:27:30,31-10-2025 15:27:32,1.709s,PASSED
"click(findTestObject(""ProductBrowsingAndDetails_OR/Page_STORE/Page_STORE/a_360_hrefch""))",Chrome 142.0.7444.59,,,31-10-2025 15:27:32,31-10-2025 15:27:33,1.020s,PASSED
"verifyTextPresent(""Nokia lumia 1520"", false)",Chrome 142.0.7444.59,,,31-10-2025 15:27:33,31-10-2025 15:27:34,1.042s,PASSED
"click(findTestObject(""Object Repository/CartManagement_OR/Page_STORE/a_Product description_btn btn-success btn-lg""))",Chrome 142.0.7444.59,,,31-10-2025 15:27:34,31-10-2025 15:27:34,0.431s,PASSED
waitForAlert(5),Chrome 142.0.7444.59,,,31-10-2025 15:27:34,31-10-2025 15:27:35,1.051s,PASSED
acceptAlert(),Chrome 142.0.7444.59,,,31-10-2025 15:27:35,31-10-2025 15:27:35,0.010s,PASSED
"click(findTestObject(""CartManagement_OR/Page_STORE/Page_STORE/Home""))",Chrome 142.0.7444.59,,,31-10-2025 15:27:35,31-10-2025 15:27:36,0.942s,PASSED
"click(findTestObject(""CartManagement_OR/Page_STORE/Page_STORE/Laptops""))",Chrome 142.0.7444.59,,,31-10-2025 15:27:36,31-10-2025 15:27:37,1.151s,PASSED
"click(findTestObject(""CartManagement_OR/Page_STORE/Page_STORE/Macbook pro""))",Chrome 142.0.7444.59,,,31-10-2025 15:27:37,31-10-2025 15:27:39,1.439s,PASSED
"click(findTestObject(""CartManagement_OR/Page_STORE/Page_STORE/Add to cart""))",Chrome 142.0.7444.59,,,31-10-2025 15:27:39,31-10-2025 15:27:40,1.072s,PASSED
waitForAlert(5),Chrome 142.0.7444.59,,,31-10-2025 15:27:40,31-10-2025 15:27:40,0.538s,PASSED
acceptAlert(),Chrome 142.0.7444.59,,,31-10-2025 15:27:40,31-10-2025 15:27:40,0.025s,PASSED
"click(findTestObject(""CartManagement_OR/Page_STORE/Page_STORE/cart""))",Chrome 142.0.7444.59,,,31-10-2025 15:27:40,31-10-2025 15:27:41,0.971s,PASSED
waitForPageLoad(10),Chrome 142.0.7444.59,,,31-10-2025 15:27:41,31-10-2025 15:27:42,0.068s,PASSED
productRows = new com.kms.katalon.core.testobject.TestObject(),Chrome 142.0.7444.59,,,31-10-2025 15:27:42,31-10-2025 15:27:42,0.004s,PASSED
"productRows.addProperty(""xpath"", EQUALS, ""//div[6]//table/tbody/tr"")",Chrome 142.0.7444.59,,,31-10-2025 15:27:42,31-10-2025 15:27:42,0.003s,PASSED
"allProducts = findWebElements(productRows, 10)",Chrome 142.0.7444.59,,,31-10-2025 15:27:42,31-10-2025 15:27:43,1.104s,PASSED
totalProducts = allProducts.size(),Chrome 142.0.7444.59,,,31-10-2025 15:27:43,31-10-2025 15:27:43,0.001s,PASSED
"println(""🛒 Total products in cart: "" + totalProducts)",Chrome 142.0.7444.59,,,31-10-2025 15:27:43,31-10-2025 15:27:43,0.002s,PASSED
calculatedTotal = 0,Chrome 142.0.7444.59,,,31-10-2025 15:27:43,31-10-2025 15:27:43,0.002s,PASSED
"for ([i = 1, i <= totalProducts, (i++)])",Chrome 142.0.7444.59,,,31-10-2025 15:27:43,31-10-2025 15:27:46,2.947s,PASSED
"priceText2 = getText(findTestObject(""Object Repository/CartManagement_OR/Page_STORE/Page_STORE/Total"")).replaceAll(""[^0-9.]"", """")",Chrome 142.0.7444.59,,,31-10-2025 15:27:46,31-10-2025 15:27:46,0.339s,PASSED
Realprice = Double.parseDouble(priceText2),Chrome 142.0.7444.59,,,31-10-2025 15:27:46,31-10-2025 15:27:46,0.001s,PASSED
if (calculatedTotal == Realprice),Chrome 142.0.7444.59,,,31-10-2025 15:27:46,31-10-2025 15:27:46,0.003s,PASSED
productNamesObj = new com.kms.katalon.core.testobject.TestObject(),Chrome 142.0.7444.59,,,31-10-2025 15:27:46,31-10-2025 15:27:46,0.001s,PASSED
"productNamesObj.addProperty(""xpath"", EQUALS, ""//div[6]//table/tbody/tr/td[2]"")",Chrome 142.0.7444.59,,,31-10-2025 15:27:46,31-10-2025 15:27:46,0.001s,PASSED
"productElementsBefore = findWebElements(productNamesObj, 10)",Chrome 142.0.7444.59,,,31-10-2025 15:27:46,31-10-2025 15:27:46,0.234s,PASSED
productsBefore = [],Chrome 142.0.7444.59,,,31-10-2025 15:27:46,31-10-2025 15:27:46,0.001s,PASSED
for (org.openqa.selenium.WebElement el : productElementsBefore),Chrome 142.0.7444.59,,,31-10-2025 15:27:46,31-10-2025 15:27:46,0.110s,PASSED
"println(""🛒 Products before logout: "" + productsBefore)",Chrome 142.0.7444.59,,,31-10-2025 15:27:46,31-10-2025 15:27:46,0.002s,PASSED
"click(findTestObject(""Object Repository/CartManagement_OR/Page_STORE/Page_STORE/Logout""))",Chrome 142.0.7444.59,,,31-10-2025 15:27:46,31-10-2025 15:27:47,0.911s,PASSED
waitForPageLoad(5),Chrome 142.0.7444.59,,,31-10-2025 15:27:47,31-10-2025 15:27:47,0.026s,PASSED
"logInfo(""✅ Logged out successfully"")",Chrome 142.0.7444.59,,,31-10-2025 15:27:47,31-10-2025 15:27:47,0.002s,PASSED
"click(findTestObject(""LogIn_OR/Page_STORE/a_Cart_login2""))",Chrome 142.0.7444.59,,,31-10-2025 15:27:47,31-10-2025 15:27:48,1.132s,PASSED
"setText(findTestObject(""LogIn_OR/Page_STORE/input_Username_loginusername""), ""omar_test123"")",Chrome 142.0.7444.59,,,31-10-2025 15:27:48,31-10-2025 15:27:49,0.929s,PASSED
"setText(findTestObject(""LogIn_OR/Page_STORE/input_Password_loginpassword""), ""Test123"")",Chrome 142.0.7444.59,,,31-10-2025 15:27:49,31-10-2025 15:27:50,0.816s,PASSED
"click(findTestObject(""LogIn_OR/Page_STORE/button_Close_btn btn-primary""))",Chrome 142.0.7444.59,,,31-10-2025 15:27:50,31-10-2025 15:27:50,0.321s,PASSED
"verifyTextPresent(""Welcome omar_test123"", false)",Chrome 142.0.7444.59,,,31-10-2025 15:27:50,31-10-2025 15:27:52,1.722s,PASSED
delay(2),Chrome 142.0.7444.59,,,31-10-2025 15:27:52,31-10-2025 15:27:54,2.025s,PASSED
"click(findTestObject(""CartManagement_OR/Page_STORE/Page_STORE/cart""))",Chrome 142.0.7444.59,,,31-10-2025 15:27:54,31-10-2025 15:27:55,1.107s,PASSED
waitForPageLoad(10),Chrome 142.0.7444.59,,,31-10-2025 15:27:55,31-10-2025 15:27:55,0.059s,PASSED
"productElementsAfter = findWebElements(productNamesObj, 10)",Chrome 142.0.7444.59,,,31-10-2025 15:27:55,31-10-2025 15:27:57,1.599s,PASSED
productsAfter = [],Chrome 142.0.7444.59,,,31-10-2025 15:27:57,31-10-2025 15:27:57,0.002s,PASSED
for (org.openqa.selenium.WebElement el : productElementsAfter),Chrome 142.0.7444.59,,,31-10-2025 15:27:57,31-10-2025 15:27:57,0.095s,PASSED
"println(""🛒 Products after re-login: "" + productsAfter)",Chrome 142.0.7444.59,,,31-10-2025 15:27:57,31-10-2025 15:27:57,0.001s,PASSED
if (productsBefore.sort() == productsAfter.sort()),Chrome 142.0.7444.59,,,31-10-2025 15:27:57,31-10-2025 15:27:57,0.004s,PASSED
closeBrowser(),Chrome 142.0.7444.59,,,31-10-2025 15:27:57,31-10-2025 15:27:57,0.379s,PASSED
,,,,,,,
Test Cases/CartManagement_TCs/TC_CM06,Chrome 142.0.7444.59,Verify product stays in cart even after logout/login,,31-10-2025 15:28:28,31-10-2025 15:29:03,35.160s,PASSED
"openBrowser(""https://demoblaze.com/"")",Chrome 142.0.7444.59,,,31-10-2025 15:28:28,31-10-2025 15:28:31,3.523s,PASSED
maximizeWindow(),Chrome 142.0.7444.59,,,31-10-2025 15:28:31,31-10-2025 15:28:31,0.114s,PASSED
"click(findTestObject(""LogIn_OR/Page_STORE/a_Cart_login2""))",Chrome 142.0.7444.59,,,31-10-2025 15:28:31,31-10-2025 15:28:34,2.568s,PASSED
"setText(findTestObject(""Object Repository/Login_OR/Page_STORE/input_Username_loginusername""), ""omar_test123"")",Chrome 142.0.7444.59,,,31-10-2025 15:28:34,31-10-2025 15:28:35,0.986s,PASSED
"setText(findTestObject(""Object Repository/Login_OR/Page_STORE/input_Password_loginpassword""), ""Test123"")",Chrome 142.0.7444.59,,,31-10-2025 15:28:35,31-10-2025 15:28:36,0.739s,PASSED
"click(findTestObject(""LogIn_OR/Page_STORE/button_Close_btn btn-primary""))",Chrome 142.0.7444.59,,,31-10-2025 15:28:36,31-10-2025 15:28:36,0.348s,PASSED
"verifyTextPresent(""Welcome omar_test123"", false)",Chrome 142.0.7444.59,,,31-10-2025 15:28:36,31-10-2025 15:28:38,1.809s,PASSED
delay(2),Chrome 142.0.7444.59,,,31-10-2025 15:28:38,31-10-2025 15:28:40,2.025s,PASSED
"click(findTestObject(""ProductBrowsingAndDetails_OR/Page_STORE/Page_STORE/a_360_hrefch""))",Chrome 142.0.7444.59,,,31-10-2025 15:28:40,31-10-2025 15:28:41,1.078s,PASSED
"verifyTextPresent(""Nokia lumia 1520"", false)",Chrome 142.0.7444.59,,,31-10-2025 15:28:41,31-10-2025 15:28:42,1.187s,PASSED
"click(findTestObject(""Object Repository/CartManagement_OR/Page_STORE/a_Product description_btn btn-success btn-lg""))",Chrome 142.0.7444.59,,,31-10-2025 15:28:42,31-10-2025 15:28:42,0.438s,PASSED
waitForAlert(5),Chrome 142.0.7444.59,,,31-10-2025 15:28:42,31-10-2025 15:28:43,0.532s,PASSED
acceptAlert(),Chrome 142.0.7444.59,,,31-10-2025 15:28:43,31-10-2025 15:28:43,0.011s,PASSED
"click(findTestObject(""CartManagement_OR/Page_STORE/Page_STORE/Home""))",Chrome 142.0.7444.59,,,31-10-2025 15:28:43,31-10-2025 15:28:44,0.976s,PASSED
"click(findTestObject(""CartManagement_OR/Page_STORE/Page_STORE/Laptops""))",Chrome 142.0.7444.59,,,31-10-2025 15:28:44,31-10-2025 15:28:45,1.040s,PASSED
"click(findTestObject(""CartManagement_OR/Page_STORE/Page_STORE/Macbook pro""))",Chrome 142.0.7444.59,,,31-10-2025 15:28:45,31-10-2025 15:28:46,1.360s,PASSED
"click(findTestObject(""CartManagement_OR/Page_STORE/Page_STORE/Add to cart""))",Chrome 142.0.7444.59,,,31-10-2025 15:28:46,31-10-2025 15:28:47,1.100s,PASSED
waitForAlert(5),Chrome 142.0.7444.59,,,31-10-2025 15:28:47,31-10-2025 15:28:48,0.525s,PASSED
acceptAlert(),Chrome 142.0.7444.59,,,31-10-2025 15:28:48,31-10-2025 15:28:48,0.010s,PASSED
"click(findTestObject(""CartManagement_OR/Page_STORE/Page_STORE/cart""))",Chrome 142.0.7444.59,,,31-10-2025 15:28:48,31-10-2025 15:28:49,1.101s,PASSED
waitForPageLoad(10),Chrome 142.0.7444.59,,,31-10-2025 15:28:49,31-10-2025 15:28:49,0.073s,PASSED
productNamesObj = new com.kms.katalon.core.testobject.TestObject(),Chrome 142.0.7444.59,,,31-10-2025 15:28:49,31-10-2025 15:28:49,0.002s,PASSED
"productNamesObj.addProperty(""xpath"", EQUALS, ""//tbody[@id='tbodyid']/tr/td[2]"")",Chrome 142.0.7444.59,,,31-10-2025 15:28:49,31-10-2025 15:28:49,0.001s,PASSED
"productElementsBefore = findWebElements(productNamesObj, 10)",Chrome 142.0.7444.59,,,31-10-2025 15:28:49,31-10-2025 15:28:51,1.350s,PASSED
productsBefore = [],Chrome 142.0.7444.59,,,31-10-2025 15:28:51,31-10-2025 15:28:51,0.001s,PASSED
for (org.openqa.selenium.WebElement el : productElementsBefore),Chrome 142.0.7444.59,,,31-10-2025 15:28:51,31-10-2025 15:28:51,0.132s,PASSED
"println(""🛒 Products before logout: "" + productsBefore)",Chrome 142.0.7444.59,,,31-10-2025 15:28:51,31-10-2025 15:28:51,0.001s,PASSED
"click(findTestObject(""Object Repository/CartManagement_OR/Page_STORE/Page_STORE/LogOut""))",Chrome 142.0.7444.59,,,31-10-2025 15:28:51,31-10-2025 15:28:51,0.652s,PASSED
waitForPageLoad(5),Chrome 142.0.7444.59,,,31-10-2025 15:28:51,31-10-2025 15:28:51,0.023s,PASSED
"verifyTextPresent(""Log in"", false)",Chrome 142.0.7444.59,,,31-10-2025 15:28:51,31-10-2025 15:28:52,1.096s,PASSED
"println(""✅ Logged out successfully"")",Chrome 142.0.7444.59,,,31-10-2025 15:28:52,31-10-2025 15:28:52,0.001s,PASSED
"click(findTestObject(""LogIn_OR/Page_STORE/a_Cart_login2""))",Chrome 142.0.7444.59,,,31-10-2025 15:28:52,31-10-2025 15:28:53,0.376s,PASSED
"setText(findTestObject(""Object Repository/Login_OR/Page_STORE/input_Username_loginusername""), ""omar_test123"")",Chrome 142.0.7444.59,,,31-10-2025 15:28:53,31-10-2025 15:28:54,0.914s,PASSED
"setText(findTestObject(""Object Repository/Login_OR/Page_STORE/input_Password_loginpassword""), ""Test123"")",Chrome 142.0.7444.59,,,31-10-2025 15:28:54,31-10-2025 15:28:55,0.766s,PASSED
"click(findTestObject(""LogIn_OR/Page_STORE/button_Close_btn btn-primary""))",Chrome 142.0.7444.59,,,31-10-2025 15:28:55,31-10-2025 15:28:55,0.490s,PASSED
"verifyTextPresent(""Welcome omar_test123"", false)",Chrome 142.0.7444.59,,,31-10-2025 15:28:55,31-10-2025 15:28:57,2.341s,PASSED
delay(2),Chrome 142.0.7444.59,,,31-10-2025 15:28:57,31-10-2025 15:28:59,2.017s,PASSED
"click(findTestObject(""CartManagement_OR/Page_STORE/Page_STORE/cart""))",Chrome 142.0.7444.59,,,31-10-2025 15:28:59,31-10-2025 15:29:01,1.166s,PASSED
waitForPageLoad(10),Chrome 142.0.7444.59,,,31-10-2025 15:29:01,31-10-2025 15:29:01,0.055s,PASSED
"productElementsAfter = findWebElements(productNamesObj, 10)",Chrome 142.0.7444.59,,,31-10-2025 15:29:01,31-10-2025 15:29:02,1.594s,PASSED
productsAfter = [],Chrome 142.0.7444.59,,,31-10-2025 15:29:02,31-10-2025 15:29:02,0.003s,PASSED
for (org.openqa.selenium.WebElement el : productElementsAfter),Chrome 142.0.7444.59,,,31-10-2025 15:29:02,31-10-2025 15:29:02,0.148s,PASSED
"println(""🛒 Products after re-login: "" + productsAfter)",Chrome 142.0.7444.59,,,31-10-2025 15:29:02,31-10-2025 15:29:02,0.002s,PASSED
getFrequencyMap = { java.lang.Object list -> ... },Chrome 142.0.7444.59,,,31-10-2025 15:29:02,31-10-2025 15:29:02,0.001s,PASSED
beforeMap = getFrequencyMap.call(productsBefore),Chrome 142.0.7444.59,,,31-10-2025 15:29:02,31-10-2025 15:29:02,0.023s,PASSED
print(beforeMap),Chrome 142.0.7444.59,,,31-10-2025 15:29:02,31-10-2025 15:29:02,0.003s,PASSED
afterMap = getFrequencyMap.call(productsAfter),Chrome 142.0.7444.59,,,31-10-2025 15:29:02,31-10-2025 15:29:02,0.003s,PASSED
print(afterMap),Chrome 142.0.7444.59,,,31-10-2025 15:29:02,31-10-2025 15:29:02,0.001s,PASSED
if (beforeMap == afterMap),Chrome 142.0.7444.59,,,31-10-2025 15:29:02,31-10-2025 15:29:02,0.005s,PASSED
closeBrowser(),Chrome 142.0.7444.59,,,31-10-2025 15:29:02,31-10-2025 15:29:03,0.373s,PASSED
